filename, cargo, carrier, cruise, ship
carrier--110-_jpg.rf.dcf16146ea537d231164120c3dd6ef20.jpg, 0, 1, 0, 0
cruise--52-_jpg.rf.dcc5a44f5ba0365022c2edee65199f52.jpg, 0, 0, 1, 0
cargo--121-_jpg.rf.da96e700b8c9e9196deef34a96f5c9c6.jpg, 1, 0, 0, 0
carrier--152-_jpg.rf.d7f5e670ea077c77b805107386f17a01.jpg, 0, 1, 0, 0
carrier--210-_jpg.rf.dbdf51faa7c2d08809f856878254b3b0.jpg, 0, 1, 0, 0
cargo--22-_jpg.rf.d83dacd06ce35a972dbb44f29496a8f6.jpg, 1, 0, 0, 0
cruise--78-_jpg.rf.dcc9d10367843b9b6aaf90862a741f02.jpg, 0, 0, 1, 0
cargo--275-_jpg.rf.da817b68128f9e834a0092475be96e2a.jpg, 1, 0, 0, 0
carrier--281-_jpg.rf.d763e100c0ee85eb2d9c7752734d7904.jpg, 0, 1, 0, 0
cruise--227-_jpg.rf.d7b5208614b2f496d45ea0d618721193.jpg, 0, 0, 1, 0
cruise--118-_jpg.rf.d8818c3bb0b422c97b945d9d5642622d.jpg, 0, 0, 1, 1
cruise--40-_jpg.rf.d9cb450cfa1c0eedbf3e517a96537ec9.jpg, 0, 0, 1, 0
cruise--10-_jpg.rf.db6c46890e02efed6a2295edc318f946.jpg, 0, 0, 1, 0
cargo--289-_jpg.rf.d934253cbf5f0d6f3c2e4a4deb736648.jpg, 1, 0, 0, 0
carrier--131-_jpg.rf.d9bc0834da24cfe6aa56f65b89214f23.jpg, 0, 1, 0, 0
cruise--21-_jpg.rf.d8536ade85186a8148c9f6121471e8f3.jpg, 0, 0, 1, 0
carrier--299-_jpg.rf.d821200b5f24dd5fc6e945541cc58be6.jpg, 0, 1, 0, 1
cargo--52-_jpg.rf.dc779bf40199585e97df895370859e0c.jpg, 1, 0, 0, 0
cruise--8-_jpg.rf.d9c8f73c0c64f29a00d01932ff6082c4.jpg, 0, 0, 1, 0
carrier--173-_jpg.rf.d996ca4824d9b684c45532dbd56cbae7.jpg, 0, 1, 0, 0
carrier--169-_jpg.rf.db0569ba29ea43fbc516a69d8e8f7207.jpg, 0, 1, 0, 0
carrier--63-_jpg.rf.dbdbf80b9ab212780cd8254deb1dd862.jpg, 0, 1, 0, 0
cruise--112-_jpg.rf.dd4765ba84d957f89fedf57310ff4889.jpg, 0, 0, 1, 0
carrier--143-_jpg.rf.dcc0083e3ec49c1c6a7a82432f65c453.jpg, 0, 1, 0, 0
cruise--147-_jpg.rf.de1884db8712c6ea08db67895a8c3222.jpg, 0, 0, 1, 0
cruise--119-_jpg.rf.dbbb713859a8a6a485d7ef33fe62c365.jpg, 0, 0, 1, 1
carrier--213-_jpg.rf.d89428900b8bb55da120da41a03c3b4a.jpg, 0, 1, 0, 0
cargo--83-_jpg.rf.dddc4956ca48b0d507642b562d1ec990.jpg, 1, 0, 0, 0
cruise--126-_jpg.rf.df2d5d9ca055801e530c9338f267bae5.jpg, 0, 0, 1, 1
cargo--63-_jpg.rf.dec67c76783fc3c094a3e2bf261a73dc.jpg, 1, 0, 0, 0
carrier--135-_jpg.rf.e06faec415bdd7ee7813bd7be9e2d731.jpg, 0, 1, 0, 0
cruise--94-_jpg.rf.e1e5c939531e017757970a42090455e4.jpg, 0, 0, 1, 0
carrier--297-_jpg.rf.e0472e7822298925c8b1be4c366a8f21.jpg, 0, 1, 0, 0
cargo--194-_jpg.rf.dedff9e30c7f0fbfb58aeaa1b4f1fff9.jpg, 1, 0, 0, 0
cargo--115-_jpg.rf.e2c80231e5d1641790541d1f36a94e78.jpg, 1, 0, 0, 0
cargo--133-_jpg.rf.e1344e64b285296b4353be39c9adb444.jpg, 1, 0, 0, 0
cruise--31-_jpg.rf.e2edb6ed32fcbccc45baed172299a758.jpg, 0, 0, 1, 0
cargo--216-_jpg.rf.e304e8db912daf759fae633fbaa1b72c.jpg, 1, 0, 0, 0
carrier--33-_jpg.rf.de6128437dd69df30687d49524c74c6e.jpg, 0, 1, 0, 0
carrier--48-_jpg.rf.dfcbf0d904627fc643764187e977e4df.jpg, 0, 1, 0, 0
cruise--179-_jpg.rf.dfe6093711978448e4b413245f201c24.jpg, 0, 0, 1, 0
cargo--75-_jpg.rf.e1e801fcf60fef9958e81c4c24c44839.jpg, 1, 0, 0, 0
cruise--56-_jpg.rf.e445992110b89f5b82fce17050ef9820.jpg, 0, 0, 1, 1
cargo--267-_jpg.rf.e023ca4f7ba282a6a33992e572307681.jpg, 1, 0, 0, 0
carrier--200-_jpg.rf.e438739cc774ba7cf268420000c7c18f.jpg, 0, 1, 0, 0
cruise--149-_jpg.rf.e2c59756cbe3c6d1d9469623aea3a7d3.jpg, 0, 0, 1, 0
cargo--161-_jpg.rf.e4b5ae87edf702f18bcea3473a657d55.jpg, 1, 0, 0, 0
cargo--210-_jpg.rf.e4bcd723e7799691781330ffc0657123.jpg, 1, 0, 0, 1
cruise--38-_jpg.rf.e448297fee88fe4ede8fedaf048ecfc2.jpg, 0, 0, 1, 1
carrier--22-_jpg.rf.e4b72f43486acacb8615ce3f32232c21.jpg, 0, 1, 0, 0
cruise--276-_jpg.rf.e14f164b53904634251b3f603a12e4a9.jpg, 0, 0, 1, 1
carrier--142-_jpg.rf.e7f34e7125d64d4c252de225d2ed8929.jpg, 0, 1, 0, 0
cruise--165-_jpg.rf.e4b515a680ee900880710347163dfb64.jpg, 0, 0, 1, 1
carrier--9-_jpg.rf.e4fd462b706f29c0a27298e67d97ceda.jpg, 0, 1, 0, 0
cruise--13-_jpg.rf.e91ae501bc4e500ea9ebd5814d147efa.jpg, 0, 0, 1, 0
cargo--125-_jpg.rf.e2c9a5a82dfcca0e1367b017d8f8b6f1.jpg, 1, 0, 0, 0
cargo--116-_jpg.rf.e5c8df4fce1c74e0849e4ca6350a1009.jpg, 1, 0, 0, 0
cruise--63-_jpg.rf.e6bbca3ed2049f1d204637617845843f.jpg, 0, 0, 1, 0
cruise--148-_jpg.rf.e54a4b0c15b6a71fb71154087efbfb14.jpg, 0, 0, 1, 0
carrier--78-_jpg.rf.e36d700980de94ca52311e3fed9eddbe.jpg, 0, 1, 0, 0
carrier--91-_jpg.rf.e70d590d7d4c52b8dcd2800723d5ed61.jpg, 0, 1, 0, 0
carrier--16-_jpg.rf.de19bd088bba275174cf4b53b83a0463.jpg, 0, 1, 0, 0
carrier--137-_jpg.rf.e7f1aec206e0ff480186599b313f166e.jpg, 0, 1, 0, 0
cruise--154-_jpg.rf.e62ae8c013d5e4dd7dc267c6dd7c6761.jpg, 0, 0, 1, 1
carrier--221-_jpg.rf.ea90f0f3840c153f363b3083fcc5f30f.jpg, 0, 1, 0, 0
carrier--11-_jpg.rf.e82f5de9b3836d3b933f22da7edb5343.jpg, 0, 1, 0, 0
cruise--107-_jpg.rf.e9314f133e5474977ffaf34e67931863.jpg, 0, 0, 1, 0
cargo--2-_jpg.rf.e88b357198364df25c124c85605eb0dc.jpg, 1, 0, 0, 0
carrier--280-_jpg.rf.e9e0653864734f2bf6cfc9e2c6881593.jpg, 0, 1, 0, 0
carrier--188-_jpg.rf.eb4ab83968f17cb49f565db7bc2f5b95.jpg, 0, 1, 0, 0
cruise--66-_jpg.rf.e8635592939d738903dd0101803b0744.jpg, 0, 0, 1, 0
carrier--288-_jpg.rf.eb7dcdc433092cfd3aabd62df3ecc95c.jpg, 0, 1, 0, 0
carrier--275-_jpg.rf.eb8d41c42a2290fa69c0fafd403c3324.jpg, 0, 1, 0, 0
cargo--154-_jpg.rf.ea6e701167a23b01f839fcc8111123eb.jpg, 1, 0, 0, 0
cargo--181-_jpg.rf.e6478e472851f83193c9a6a303432f7b.jpg, 1, 0, 0, 0
cargo--130-_jpg.rf.e75a1ccecb71845927265b9a9c3f6247.jpg, 1, 0, 0, 0
carrier--219-_jpg.rf.eb17dcf40328f8bb069ca880ce4e6eb9.jpg, 0, 1, 0, 0
cruise--288-_jpg.rf.ec73984013d160efd83719f1a201534d.jpg, 0, 0, 1, 1
carrier--291-_jpg.rf.e931d7b59be75a7abe9e10bee46fc3be.jpg, 0, 1, 0, 0
cargo--261-_jpg.rf.eb8fdef2a6c310a0581286cee8afcfcd.jpg, 1, 0, 0, 1
cruise--257-_jpg.rf.ebf78531d8104c23d84084cdb2f7ae12.jpg, 0, 0, 1, 0
cruise--92-_jpg.rf.ebaad0c19aa8441a7a449c2585f07dd7.jpg, 0, 0, 1, 0
carrier--47-_jpg.rf.ec416b570d3fa1ee5edc06438ceebe92.jpg, 0, 1, 0, 0
cruise--253-_jpg.rf.f0399782ae54523f7b48febf37a502d5.jpg, 0, 0, 1, 0
cargo--132-_jpg.rf.ef29f2d0fc41dd33823fcee9dad1495c.jpg, 1, 0, 0, 0
carrier--245-_jpg.rf.ece8c516d70284aed535edf69d16b11c.jpg, 0, 1, 0, 0
cargo--160-_jpg.rf.e51b0ca7e2b89ebb2de34bc9f1e509ea.jpg, 1, 0, 0, 0
carrier--97-_jpg.rf.f04fbd70367f170653fcefe9baabe2fc.jpg, 0, 1, 0, 0
cargo--73-_jpg.rf.e6c137537e82ac2968117f1cf7d205e6.jpg, 1, 0, 0, 0
cruise--50-_jpg.rf.f00aca427061e4fd9e24782dbcdca4a9.jpg, 0, 0, 1, 0
carrier--123-_jpg.rf.ec93b93584e835f7adaff5a4da63e86a.jpg, 0, 1, 0, 0
cruise--85-_jpg.rf.ed50b10f6ee25069b46a84d90d3c96d6.jpg, 0, 0, 1, 0
carrier--265-_jpg.rf.ee7c5e66c9ae31b290c530dacf2ede0b.jpg, 0, 1, 0, 0
cruise--62-_jpg.rf.eb38e63a85559a9754d5cfa92ad9c844.jpg, 0, 0, 1, 0
carrier--129-_jpg.rf.ed0fda62624e459794244f0b457909ce.jpg, 0, 1, 0, 0
carrier--156-_jpg.rf.f0afa48f259c4da7162d8b4f31b75c2d.jpg, 0, 1, 0, 1
cruise--212-_jpg.rf.f092c0c0051e8b4f7678be893879e688.jpg, 0, 0, 1, 1
cargo--229-_jpg.rf.f0c0816fa81d3e59a5a98a704f0130c5.jpg, 1, 0, 0, 0
carrier--55-_jpg.rf.f1cb67b90a2b0e5287e887b4bba06b7b.jpg, 0, 1, 0, 0
cruise--200-_jpg.rf.f0c2f006460459d231941c762170960f.jpg, 0, 0, 1, 1
cargo--245-_jpg.rf.f143d94b80c605977ff1f3d5a4c7a5cf.jpg, 1, 0, 0, 0
cruise--272-_jpg.rf.ec00396545e61d671186d40180f2255d.jpg, 0, 0, 1, 1
cruise--73-_jpg.rf.f0e1dd8cd2b45261456ec6ad325b5db6.jpg, 0, 0, 1, 0
cruise--72-_jpg.rf.f1f6f4090618addcba4db075aa11cfe7.jpg, 0, 0, 1, 0
carrier--255-_jpg.rf.f2f2413e0ce2af3c6b254b475588783f.jpg, 0, 1, 0, 1
cruise--161-_jpg.rf.eee8b42b17c7634f844554dc12c59fbf.jpg, 0, 0, 1, 0
cruise--114-_jpg.rf.f39441a301f7c0292361d642969cbc25.jpg, 0, 0, 1, 0
cargo--67-_jpg.rf.f13aed5e6bdb4c2e0d19b28a24f0489c.jpg, 1, 0, 0, 0
cruise--290-_jpg.rf.f29b600b22e70bcee5fc5b7cef43ae8e.jpg, 0, 0, 1, 1
cruise--211-_jpg.rf.f4f090a888174cfec5e4027734a2320a.jpg, 0, 0, 1, 1
carrier--231-_jpg.rf.f66288e2f8909bf5c0e4f55016151d49.jpg, 0, 1, 0, 0
cruise--287-_jpg.rf.f4761c0aa3b6d4b79698f69712ad9420.jpg, 0, 0, 1, 0
cargo--263-_jpg.rf.f707326b4af504209143e7e959af12ab.jpg, 1, 0, 0, 0
cruise--162-_jpg.rf.f76d1b97d81e334e7f245fad80bb2144.jpg, 0, 0, 1, 0
carrier--217-_jpg.rf.f754153bc05e943971b8dca492610a7c.jpg, 0, 1, 0, 0
cruise--2-_jpg.rf.f6137d6c0b9205f0037d437e34eab6c1.jpg, 0, 0, 1, 0
cruise--113-_jpg.rf.f3cb11d7c73c3eb551949ca2537ef713.jpg, 0, 0, 1, 0
cruise--29-_jpg.rf.f7ee7531371dc42cbec8b0e60caefd80.jpg, 0, 0, 1, 0
carrier--57-_jpg.rf.f32f0df574da1bcfaca1d675cddec68d.jpg, 0, 1, 0, 0
cargo--10-_jpg.rf.f7c963da91a1d9748e6264b72171f725.jpg, 1, 0, 0, 0
cargo--163-_jpg.rf.f710a38567b07e930cd3d9e21abc6053.jpg, 1, 0, 0, 0
cargo--177-_jpg.rf.f3a5831f072e25bc20d27c8ece0bed17.jpg, 1, 0, 0, 0
carrier--108-_jpg.rf.f1eb67e8cf543caae03a5b6a62d92e35.jpg, 0, 1, 0, 0
cruise--35-_jpg.rf.f587001027385baa62fa74af0a9d4a45.jpg, 0, 0, 1, 0
cruise--20-_jpg.rf.f35f34120bb3bd8ca6d5a232d9455adc.jpg, 0, 0, 1, 1
carrier--34-_jpg.rf.f5cd83f8f363d9aaed962bb44cdbd24e.jpg, 0, 1, 0, 0
cargo--282-_jpg.rf.f8b3bc2780040dcbd8945233a7279738.jpg, 1, 0, 0, 1
cruise--204-_jpg.rf.f8cb6387ce0ccfeb168b5e46e7658ac0.jpg, 0, 0, 1, 1
carrier--60-_jpg.rf.f5b637d8e49cf5ba171ce64f349999ae.jpg, 0, 1, 0, 0
cruise--185-_jpg.rf.f8a380ec4b7a8840d851055a80dea634.jpg, 0, 0, 1, 1
carrier--149-_jpg.rf.f8af02f4e54936a48176ea926ef2f38b.jpg, 0, 1, 0, 0
carrier--289-_jpg.rf.f96c3097652ab1425a6f53687de60f5a.jpg, 0, 1, 0, 0
cargo--200-_jpg.rf.f90c54405bc64bc405856ad01363b5fe.jpg, 1, 0, 0, 0
cruise--249-_jpg.rf.fa0e3580367c0579224dab2222d484ce.jpg, 0, 0, 1, 0
carrier--120-_jpg.rf.f1169605154308c0dc6f837ce626471a.jpg, 0, 1, 0, 0
cruise--201-_jpg.rf.fdcc3fdd57ec55f905d5df0acc4abcbb.jpg, 0, 0, 1, 1
carrier--260-_jpg.rf.f92ac03a529a64fbb281e4be9669b10d.jpg, 0, 1, 0, 0
carrier--211-_jpg.rf.fd40e19278a7b4d73e04fb9ca84e427c.jpg, 0, 1, 0, 0
carrier--278-_jpg.rf.fbf4fc913a91f936a8b66f6d5695dcaa.jpg, 0, 1, 0, 0
carrier--222-_jpg.rf.f7f48bfc728cede3dcb7baae4e0cdf0e.jpg, 0, 1, 0, 0
carrier--236-_jpg.rf.f880601113fa6254e595a0e8234a9922.jpg, 0, 1, 0, 0
carrier--282-_jpg.rf.fd00a66cd65e65f71bd977c5d5d13071.jpg, 0, 1, 0, 0
carrier--61-_jpg.rf.fdc173487700eff3cfece4b91133bfe0.jpg, 0, 1, 0, 0
cruise--3-_jpg.rf.fb719a43eba11813605efd56ffa322b7.jpg, 0, 0, 1, 0
cruise--274-_jpg.rf.fe82ddc2fee4ae494464a2f9ce1a2b59.jpg, 0, 0, 1, 0
cargo--112-_jpg.rf.ff828ca275109a7a59ea45a299475e41.jpg, 1, 0, 0, 0
carrier--92-_jpg.rf.fe2d502b2ec18ec859a22e6ff1fbd8cb.jpg, 0, 1, 0, 0
cargo--230-_jpg.rf.fe77022a4ff0edeeed0c973b4064c039.jpg, 1, 0, 0, 0
cargo--84-_jpg.rf.f9caee7c53fb07338d74513bdc2143fb.jpg, 1, 0, 0, 0
carrier--205-_jpg.rf.feba47dcb2d69c37557795ed506133c0.jpg, 0, 1, 0, 0
cargo--151-_jpg.rf.5220ce592f61bed6a03652bb86fbd63f.jpg, 1, 0, 0, 1
carrier--174-_jpg.rf.4e7e84c805ba630dd7d5657a31582274.jpg, 0, 1, 0, 0
carrier--225-_jpg.rf.4cafc26c32d884df6630238c2d03ab9b.jpg, 0, 1, 0, 0
cargo--136-_jpg.rf.4fe75c49eee8bdabdfa159f7c8572ff0.jpg, 1, 0, 0, 0
carrier--86-_jpg.rf.4f8aaf29c8b651148597f148a3610a71.jpg, 0, 1, 0, 0
cruise--296-_jpg.rf.52b5a69182d7a5ea1d392ee2c1825cc7.jpg, 0, 0, 1, 0
carrier--191-_jpg.rf.52e2c61f4d42957a36daa4d3db526a05.jpg, 0, 1, 0, 0
cruise--232-_jpg.rf.4a245746a1191cc39b88147a8561a8ed.jpg, 0, 0, 1, 0
cruise--106-_jpg.rf.4eb3bb6f7738e492ba1c1c1946221fff.jpg, 0, 0, 1, 0
cargo--254-_jpg.rf.4c56cd7bc52023dfa309c8f7c8af950b.jpg, 1, 0, 0, 0
cruise--285-_jpg.rf.49eac0d9960cf22367800721ec97037c.jpg, 0, 0, 1, 0
cargo--247-_jpg.rf.51768771243af8bd2f1b1ace8328f78a.jpg, 1, 0, 0, 1
cargo--193-_jpg.rf.482203bae9189be1c1f2a96e93616ae2.jpg, 1, 0, 0, 0
cruise--174-_jpg.rf.4eaa91b9bbe2407a3d535d4fba5a4660.jpg, 0, 0, 1, 0
carrier--170-_jpg.rf.49205e7580dd5295bf72b7999c40c8a4.jpg, 0, 1, 0, 0
cargo--11-_jpg.rf.4f5a9fae693d409d16ad77e88080ad3e.jpg, 1, 0, 0, 1
cargo--37-_jpg.rf.4c1d71a88a01bcba18dfd9ebad59459e.jpg, 1, 0, 0, 0
cruise--238-_jpg.rf.4e5fb3b237a8ece000dd1573b9db26ed.jpg, 0, 0, 1, 0
cargo--198-_jpg.rf.4b0dbf3f5e9c392da59fcb93b508b0c8.jpg, 1, 0, 0, 0
cargo--224-_jpg.rf.4bea5046e697122842b68bd4c4be513a.jpg, 1, 0, 0, 0
cargo--243-_jpg.rf.4d49953418df4828ba8f0cd02467bbe7.jpg, 1, 0, 0, 0
cargo--39-_jpg.rf.4dfe29aa1f59085fc525848229d9b2f3.jpg, 1, 0, 0, 0
carrier--104-_jpg.rf.5142f2f2685ea1def48ec1702353565a.jpg, 0, 1, 0, 0
cargo--118-_jpg.rf.48c00c214bf792610705226831106631.jpg, 1, 0, 0, 0
carrier--272-_jpg.rf.5192215c6f10d08aae951f6a5f8d73f9.jpg, 0, 1, 0, 0
cruise--277-_jpg.rf.5389f7588b31bf6f41098eda41476df9.jpg, 0, 0, 1, 1
carrier--98-_jpg.rf.5381c937c214458df00e7209a1beadd4.jpg, 0, 1, 0, 0
cargo--201-_jpg.rf.555933b908fb7fcf166d5b7e1bccc581.jpg, 1, 0, 0, 0
cruise--228-_jpg.rf.54610967fbade6810e318f3e0ad98f7b.jpg, 0, 0, 1, 0
cruise--44-_jpg.rf.553ff149740fda23b75e1e9a1b8494dc.jpg, 0, 0, 1, 1
cruise--202-_jpg.rf.5637cf869baa0c35d71a400048812f73.jpg, 0, 0, 1, 0
cruise--143-_jpg.rf.532a39cc2056e3429afd37c834f7922b.jpg, 0, 0, 1, 1
carrier--94-_jpg.rf.57689977e6312646dbaf6e4d948f5232.jpg, 0, 1, 0, 0
carrier--226-_jpg.rf.5705221cbf669c1f060e789147be7286.jpg, 0, 1, 0, 0
carrier--24-_jpg.rf.575ace2d4b8e456380ab16fdf010eb74.jpg, 0, 1, 0, 0
carrier--203-_jpg.rf.532e8781ae9f3fa5cd6487dac9fba2d8.jpg, 0, 1, 0, 0
cargo--273-_jpg.rf.5856fdf2f0fb5ea6af5c0abcecd64e26.jpg, 1, 0, 0, 0
carrier--26-_jpg.rf.56f63ea16865ac6be6d96bb8a77f52d7.jpg, 0, 1, 0, 0
cargo--148-_jpg.rf.56655410f6e52aa15a0eca6cf277909d.jpg, 1, 0, 0, 1
cargo--59-_jpg.rf.57dd40c12f17e13f9a5123fda4328899.jpg, 1, 0, 0, 0
cruise--160-_jpg.rf.591db8fd891765fa2f9cebb05c490a59.jpg, 0, 0, 1, 0
cargo--19-_jpg.rf.56351ebd1e3adcb9ca8c2b9fc3e12f44.jpg, 1, 0, 0, 0
cargo--296-_jpg.rf.558eb9e57efdf00775cbb45c4e0b8a4a.jpg, 1, 0, 0, 0
carrier--68-_jpg.rf.5728b24ed1741b8893df1578bb2d2e13.jpg, 0, 1, 0, 0
carrier--234-_jpg.rf.57dd2d9d2caf7c0e8fe44e51a4802be7.jpg, 0, 1, 0, 0
carrier--70-_jpg.rf.595fc8d944c5582ae89c1fc46123754e.jpg, 0, 1, 0, 1
cargo--236-_jpg.rf.5a3f08f9ff5f28b129bed0828a26fe91.jpg, 1, 0, 0, 0
carrier--25-_jpg.rf.58df1193c691d8722135e0431fcba579.jpg, 0, 1, 0, 0
cruise--83-_jpg.rf.5883723cecab26b1d64cc995d35308e9.jpg, 0, 0, 1, 0
cargo--13-_jpg.rf.55658976a3285f62eaa3645e335faa6f.jpg, 1, 0, 0, 0
cruise--47-_jpg.rf.540b62ff484a5b2aa73a2df51310e0bc.jpg, 0, 0, 1, 1
cruise--281-_jpg.rf.58ae03dade7a398e14048fc7e7007346.jpg, 0, 0, 1, 0
cargo--45-_jpg.rf.57060ffbc2b763bc29a8486f0d54ad82.jpg, 1, 0, 0, 1
carrier--3-_jpg.rf.5b845481ab886cbaed14de600d09aace.jpg, 0, 1, 0, 0
cargo--288-_jpg.rf.5b2380ff230643a1725ca205ee8a7a52.jpg, 1, 0, 0, 0
carrier--106-_jpg.rf.5bc13ce243535aa8b8c172b580ec8843.jpg, 0, 1, 0, 0
cruise--225-_jpg.rf.5a6617f98f325f3fefe08bd98df2b8be.jpg, 0, 0, 1, 1
cruise--81-_jpg.rf.5d331a2ae93abb6dd8070a03c2308ff0.jpg, 0, 0, 1, 0
carrier--107-_jpg.rf.5b8c5a81c30d83a659f9b4f87818026c.jpg, 0, 1, 0, 0
carrier--198-_jpg.rf.5c9e7902e71da46c14781859613959df.jpg, 0, 1, 0, 0
cargo--108-_jpg.rf.5af9052ddf09a9c2400840e1232f91eb.jpg, 1, 0, 0, 0
cruise--213-_jpg.rf.5e7c882ee55f207076f25658c18137d2.jpg, 0, 0, 1, 0
carrier--84-_jpg.rf.5ee76f95a1f8ba9e1911b4f5d80dea2b.jpg, 0, 1, 0, 0
cargo--241-_jpg.rf.5f42d93d7e606a4632d9a93cdca7c520.jpg, 1, 0, 0, 0
carrier--30-_jpg.rf.5a3bf103ed89eb2c1326c01f122e562d.jpg, 0, 1, 0, 0
cargo--143-_jpg.rf.5b633fd5a87baa2435366ec21e859607.jpg, 1, 0, 0, 0
cruise--19-_jpg.rf.5d8f097a5191320f8ae3a9e5574c83d5.jpg, 0, 0, 1, 0
cruise--216-_jpg.rf.5c6ed0ab53d4f8e79ab9f26497637522.jpg, 0, 0, 1, 0
carrier--220-_jpg.rf.5c14039b8e8c79fbdff9998649df58f1.jpg, 0, 1, 0, 0
cruise--103-_jpg.rf.5c68588e41c28396215981edb3fb72fb.jpg, 0, 0, 1, 0
cruise--209-_jpg.rf.5e4ead984ae9926e98ea1a7f89501de8.jpg, 0, 0, 1, 1
cruise--243-_jpg.rf.5e5d888f343288cd3fb8a4de69253a72.jpg, 0, 0, 1, 1
cargo--258-_jpg.rf.5d8cc6bcbdeb7878a2bf0d839095250a.jpg, 1, 0, 0, 0
carrier--300-_jpg.rf.5f455439ab2020d014007cf7183c9098.jpg, 0, 1, 0, 0
cruise--68-_jpg.rf.60bf7c592be025092ed929c1c9f72ee6.jpg, 0, 0, 1, 0
carrier--158-_jpg.rf.5ec881488eb691a3ad785249417e4e14.jpg, 0, 1, 0, 0
cargo--171-_jpg.rf.5ff325034760255863fb901aedce7616.jpg, 1, 0, 0, 0
cruise--221-_jpg.rf.5d4acf5aba6809ad0f9118288927cd4f.jpg, 0, 0, 1, 1
carrier--38-_jpg.rf.61d751ac32fa8651029c3e2a39b96565.jpg, 0, 1, 0, 0
cargo--262-_jpg.rf.616a14f15e1228184eacf5e50b52bfa2.jpg, 1, 0, 0, 0
cruise--194-_jpg.rf.627c2655ef222916a94093e13b38035c.jpg, 0, 0, 1, 0
carrier--298-_jpg.rf.5a395c6ba4fdfc6876f214f77c424796.jpg, 0, 1, 0, 1
cargo--167-_jpg.rf.5f6ed2a40c24c089a266e8e32c32c219.jpg, 1, 0, 0, 0
carrier--241-_jpg.rf.629aad1a22f943e8f88effec184ea9ba.jpg, 0, 1, 0, 0
carrier--159-_jpg.rf.5fc89f8f1cd412ff07f80e4d2cac0bee.jpg, 0, 1, 0, 0
carrier--273-_jpg.rf.651b348dce6dec8c7ff903fafdffeb03.jpg, 0, 1, 0, 0
cargo--170-_jpg.rf.648287ee000d4bd41f990d5a88b7c60d.jpg, 1, 0, 0, 0
carrier--72-_jpg.rf.6356ba2929f50cd2975a6e2e79d967f4.jpg, 0, 1, 0, 0
cargo--88-_jpg.rf.6789392d80fb28ab981ed6180247b9c8.jpg, 1, 0, 0, 1
cruise--180-_jpg.rf.64d310458cecdde6907d40e86d92a43a.jpg, 0, 0, 1, 0
carrier--121-_jpg.rf.649ea90db7bbcb878f20ac9ec819da27.jpg, 0, 1, 0, 0
cruise--248-_jpg.rf.656b75b1b629f5afa89f51a4f6eb21b5.jpg, 0, 0, 1, 0
carrier--268-_jpg.rf.640dc5a943805cac112da42fd6cfd643.jpg, 0, 1, 0, 0
cargo--264-_jpg.rf.6186785bc50e22632443a3985ebd925e.jpg, 1, 0, 0, 1
carrier--126-_jpg.rf.67021921d6f8cbbe3573dc1814c8d793.jpg, 0, 1, 0, 0
cruise--117-_jpg.rf.643373f51709821c2414a34664d1ab03.jpg, 0, 0, 1, 0
cargo--18-_jpg.rf.657231edd592ed00f1d91d25dfa0f3a3.jpg, 1, 0, 0, 0
cruise--95-_jpg.rf.65de18f35cd421edca73988e27f045d0.jpg, 0, 0, 1, 0
carrier--176-_jpg.rf.63d5fadc1f83a63213ba61340e70f5df.jpg, 0, 1, 0, 0
cruise--262-_jpg.rf.5d40cfd074721a9f0760dea475aae22f.jpg, 0, 0, 1, 0
cruise--263-_jpg.rf.680471b06d6a131465802ebb156d434e.jpg, 0, 0, 1, 0
cargo--9-_jpg.rf.645761b144ded87b882290f8feda0055.jpg, 1, 0, 0, 0
cruise--215-_jpg.rf.6ac4f80013728b4b9fbd28df5b6d7099.jpg, 0, 0, 1, 1
cruise--17-_jpg.rf.681a5d4e67e4efa9829365b31651ebc8.jpg, 0, 0, 1, 0
cruise--244-_jpg.rf.682f900d8d60bc6ecb95df464840aa7f.jpg, 0, 0, 1, 1
cargo--55-_jpg.rf.6942251ac88e2d0fc40e59929cadab3c.jpg, 1, 0, 0, 0
cargo--248-_jpg.rf.6cac565d1b0a22c55da560ffe73bbcfe.jpg, 1, 0, 0, 0
cruise--1-_jpg.rf.6929e305aa32d0e6ff743250b9473ea6.jpg, 0, 0, 1, 0
cargo--240-_jpg.rf.67fb3f08881989d5dff6c9d0db26f6e3.jpg, 1, 0, 0, 0
cargo--300-_jpg.rf.6b6c3739007a17401f63a9854b5c1387.jpg, 1, 0, 0, 0
carrier--195-_jpg.rf.6badd07e6a1114da178892349db4e2a2.jpg, 0, 1, 0, 0
cargo--142-_jpg.rf.6c8465b640eaf8394f2fe80b1d2605c0.jpg, 1, 0, 0, 0
carrier--114-_jpg.rf.691922700d4f08eb7845673f8865717a.jpg, 0, 1, 0, 0
cargo--190-_jpg.rf.6d97fdb830ab2a9833bdede2a65c330f.jpg, 1, 0, 0, 1
cruise--155-_jpg.rf.6af6810e965018c5a0b634b8cb4b0c8c.jpg, 0, 0, 1, 0
cargo--265-_jpg.rf.67e0d03542f01e653e657a030f6a93d0.jpg, 1, 0, 0, 0
cargo--87-_jpg.rf.6ca4baaf91cf45c521e254555c828c0d.jpg, 1, 0, 0, 0
cruise--99-_jpg.rf.628b70f4ffb3f9f62e81248b120898a3.jpg, 0, 0, 1, 1
carrier--83-_jpg.rf.6aeafc2d25a99a58db61f7626b124fd8.jpg, 0, 1, 0, 0
cruise--7-_jpg.rf.6d12761485834965ef499a8a5cc75251.jpg, 0, 0, 1, 0
carrier--286-_jpg.rf.6da279c5cc614cff9b65b932c53ae52e.jpg, 0, 1, 0, 1
carrier--40-_jpg.rf.6d3c0139b0283c2c941e8532af407dc1.jpg, 0, 1, 0, 0
carrier--56-_jpg.rf.6c88d7b640b8888acbdf7ff199e2004f.jpg, 0, 1, 0, 0
cargo--272-_jpg.rf.6fbca548be8a5171ddd96b7f6ae416b5.jpg, 1, 0, 0, 0
cargo--7-_jpg.rf.6c88f4067d561dabeb125f6e1f0fa45a.jpg, 1, 0, 0, 0
carrier--77-_jpg.rf.6e484ca55a1d375a26be01d9e7cb5c4a.jpg, 0, 1, 0, 0
carrier--228-_jpg.rf.69883a2fd2b7e1c23d764640348277c2.jpg, 0, 1, 0, 0
carrier--292-_jpg.rf.70f3f2ba33b6a0c75e05e5d3fd35982b.jpg, 0, 1, 0, 0
carrier--75-_jpg.rf.71d6ab080e2c5b36fa14ba8599cde6df.jpg, 0, 1, 0, 0
carrier--74-_jpg.rf.7037f8335781d90dd0f148df9c3a09f4.jpg, 0, 1, 0, 0
carrier--262-_jpg.rf.6d4dd60b516c0342d42e94bfd763ecc2.jpg, 0, 1, 0, 0
carrier--113-_jpg.rf.670e412671b1ae7c4dfb67f0b063eefb.jpg, 0, 1, 0, 0
cargo--234-_jpg.rf.7284756b3820e05dc8d0e8fc2b244159.jpg, 1, 0, 0, 0
cruise--136-_jpg.rf.73762c22fa661a26b3022633148e99b2.jpg, 0, 0, 1, 0
cargo--17-_jpg.rf.716477c8fd6da214849ddddd510aa15a.jpg, 1, 0, 0, 0
cruise--141-_jpg.rf.71ec6411d3ac199c439f95060bb25415.jpg, 0, 0, 1, 0
cargo--30-_jpg.rf.7497537c42c0aa7c185bb43a4ccedd20.jpg, 1, 0, 0, 0
carrier--132-_jpg.rf.7442e55eb723fe2f6400962e1d9fb184.jpg, 0, 1, 0, 0
cargo--35-_jpg.rf.733f6e22f17ad7324faba179fec6af4a.jpg, 1, 0, 0, 1
cargo--250-_jpg.rf.7280e39820ebea9fe3843efc442bb174.jpg, 1, 0, 0, 0
cargo--48-_jpg.rf.736876bae0791e50b436504336e67c31.jpg, 1, 0, 0, 0
cargo--178-_jpg.rf.791b9d42cc8a3ecaca3a0b878de4f7c9.jpg, 1, 0, 0, 0
cruise--210-_jpg.rf.70f847249c134c1e41d0f24443c1e051.jpg, 0, 0, 1, 0
cruise--121-_jpg.rf.7036dc95adbcefd23fab2602e2601de4.jpg, 0, 0, 1, 1
cruise--195-_jpg.rf.78a5a167d1a560b06ad5a6b8bc940206.jpg, 0, 0, 1, 0
cargo--70-_jpg.rf.77283b8fd396f43aba6e7e0988b3af59.jpg, 1, 0, 0, 0
carrier--153-_jpg.rf.73d5053d62d2b0ba724d721cd1ebe631.jpg, 0, 1, 0, 0
cargo--25-_jpg.rf.748cddec5b44962b5e7024a655f92688.jpg, 1, 0, 0, 0
cargo--31-_jpg.rf.7a03fe6a85b901778dcb43cea9737ffd.jpg, 1, 0, 0, 0
cargo--36-_jpg.rf.6e876a2b665fe05181d6fe4d851c87c9.jpg, 1, 0, 0, 0
cargo--165-_jpg.rf.7aec2eae9449e1348656b7cc66653fc6.jpg, 1, 0, 0, 1
carrier--240-_jpg.rf.7a48393871665cd93770c3fa5e033a6f.jpg, 0, 1, 0, 0
cargo--94-_jpg.rf.7860063ea9a130d90492be15f4fde163.jpg, 1, 0, 0, 0
cruise--265-_jpg.rf.793ab3f3152f2a97ac3bab8037fbca6e.jpg, 0, 0, 1, 0
cruise--241-_jpg.rf.7b41eeb5c0a57c99fd7cd70b7e6f057d.jpg, 0, 0, 1, 1
cruise--268-_jpg.rf.75783056701f46ffa2b5cdf4ffb5b788.jpg, 0, 0, 1, 0
cruise--11-_jpg.rf.7770809ffe6bda23691e53e50e07c5c1.jpg, 0, 0, 1, 0
cruise--270-_jpg.rf.76560232c10262d24905eabaaf1dcd01.jpg, 0, 0, 1, 1
cargo--62-_jpg.rf.70d5f545d9e19e011c073fc6ea428571.jpg, 1, 0, 0, 0
carrier--5-_jpg.rf.7c296bd436052ff168d57a69ad3059a5.jpg, 0, 1, 0, 0
carrier--179-_jpg.rf.7ee2049581d993dff3b917a8c3c789cf.jpg, 0, 1, 0, 0
carrier--290-_jpg.rf.72219bde9a9cc5360c0fe7a986078520.jpg, 0, 1, 0, 0
cargo--28-_jpg.rf.7d44bce3675a3725f3343f187ab305db.jpg, 1, 0, 0, 0
cargo--220-_jpg.rf.7bfd8ea5065f6732c3e4b63e6498ba26.jpg, 1, 0, 0, 0
cargo--141-_jpg.rf.7e94f72daa7f087f83c9364a1c09bcbe.jpg, 1, 0, 0, 0
cargo--124-_jpg.rf.7b2013109e6affc55ea80d40b9b23e12.jpg, 1, 0, 0, 0
cruise--65-_jpg.rf.7d8c9bd5e7eca8ed505c57c6b9f64652.jpg, 0, 0, 1, 1
cargo--249-_jpg.rf.7d7aa1f36ff48574071f09ca2e7ccdd8.jpg, 1, 0, 0, 0
cargo--242-_jpg.rf.7ce71fc37408534b59b8f1667902440c.jpg, 1, 0, 0, 0
carrier--244-_jpg.rf.7b755ce727ae76e7daea7c06b691c374.jpg, 0, 1, 0, 0
cargo--46-_jpg.rf.7dc64c7b04e7bfc5209f8f6a3b8c46dd.jpg, 1, 0, 0, 0
cargo--246-_jpg.rf.7c8783f5cccf4c09acf94c096d63d653.jpg, 1, 0, 0, 0
cargo--66-_jpg.rf.7f33f380fc9ca8c83dba190101483727.jpg, 1, 0, 0, 0
carrier--151-_jpg.rf.7a2876113699389f92a22d249013a5b1.jpg, 0, 1, 0, 0
cruise--96-_jpg.rf.7ed99ea7f8f9d09ef0c0ab642b429985.jpg, 0, 0, 1, 0
cruise--26-_jpg.rf.7e691aba261b20f404d1cabb812fb388.jpg, 0, 0, 1, 0
carrier--67-_jpg.rf.806c287f409f1a2671a5f2fed79d6987.jpg, 0, 1, 0, 0
carrier--32-_jpg.rf.7fc35d68cd23490524a7344ad208aa8f.jpg, 0, 1, 0, 0
carrier--259-_jpg.rf.813374f13ceb87f0885a30e73e5713c9.jpg, 0, 1, 0, 1
cruise--71-_jpg.rf.7f8af5789cd11a48e286bccbea70c996.jpg, 0, 0, 1, 1
cargo--74-_jpg.rf.8057b901aec9e072773b1d3c2d593104.jpg, 1, 0, 0, 0
carrier--277-_jpg.rf.81970a7a2819c67d3143248636a11315.jpg, 0, 1, 0, 0
cruise--39-_jpg.rf.85c0006dd3e3e499351214cfc0a690dd.jpg, 0, 0, 1, 0
cargo--145-_jpg.rf.838451775925a98f330d0246f76da032.jpg, 1, 0, 0, 0
cruise--250-_jpg.rf.81d581687b15743e844765f1ed7c046e.jpg, 0, 0, 1, 0
cruise--64-_jpg.rf.81f9553b7439cafc8a66d0c04f36f693.jpg, 0, 0, 1, 1
carrier--266-_jpg.rf.7f3ae57ae5cc0e4b63e43d494cf3f6d5.jpg, 0, 1, 0, 0
cargo--104-_jpg.rf.81d80078e30808741322281c76857b2f.jpg, 1, 0, 0, 0
carrier--283-_jpg.rf.82434482c5415474d65d600d022381f0.jpg, 0, 1, 0, 1
carrier--96-_jpg.rf.81bcb758bf7ef634b46a1a47f3074085.jpg, 0, 1, 0, 0
carrier--235-_jpg.rf.82d0b8cb3ee64ffe5982d327e8dfd3cc.jpg, 0, 1, 0, 0
carrier--45-_jpg.rf.81553353a6fa8fd4b2f25a3d6c96f4ac.jpg, 0, 1, 0, 0
carrier--270-_jpg.rf.857520ed4a065133fa419f953a3c6455.jpg, 0, 1, 0, 0
cargo--185-_jpg.rf.82e8a107ce8b50dd97d14ff26b065faf.jpg, 1, 0, 0, 0
carrier--102-_jpg.rf.8240a6f7e5d147fc7ded38cdfb9d2ce2.jpg, 0, 1, 0, 0
carrier--180-_jpg.rf.8512bb19fe011996c1dedc02f9a964aa.jpg, 0, 1, 0, 0
cruise--176-_jpg.rf.84597213c4f9395cfcf33f789f02f80d.jpg, 0, 0, 1, 1
cruise--43-_jpg.rf.85e92a250341212ced46fd540250f716.jpg, 0, 0, 1, 1
cargo--139-_jpg.rf.872bb57db738abd8374861e83aac999c.jpg, 1, 0, 0, 0
cargo--79-_jpg.rf.85d4cbbe10062a6ad56feb3e27ea921e.jpg, 1, 0, 0, 0
carrier--140-_jpg.rf.87063516ddf59f1b61a4d6e14066babe.jpg, 0, 1, 0, 0
carrier--147-_jpg.rf.88b72e30c5312fa7904bfa4e93f0b170.jpg, 0, 1, 0, 0
cruise--59-_jpg.rf.89e439371b44584a90a1e37b5f279dca.jpg, 0, 0, 1, 1
cargo--29-_jpg.rf.89e5ed3a0439b078a9aaf3cc1bbd4e67.jpg, 1, 0, 0, 0
cargo--196-_jpg.rf.89400379b4fed8fec159ad100032a6f3.jpg, 1, 0, 0, 0
cruise--217-_jpg.rf.88c9a8570d34c856fd87132739d8fd9f.jpg, 0, 0, 1, 1
carrier--99-_jpg.rf.86f8b06bc911943a449fc5ccb3fe0d45.jpg, 0, 1, 0, 0
cargo--215-_jpg.rf.89f831e92d0b02da0ee0c542814c977e.jpg, 1, 0, 0, 0
cruise--203-_jpg.rf.8aa98c0193b8f6bc490a0bcf2e5bcca8.jpg, 0, 0, 1, 1
cruise--25-_jpg.rf.8b0443421c0b506f7e345db4ee32a1e3.jpg, 0, 0, 1, 0
cargo--129-_jpg.rf.89f7c6494d3055e1e0bd8fc897a88ba5.jpg, 1, 0, 0, 0
cargo--47-_jpg.rf.7d5929949d0db8fe59b7cb0a633ed7d4.jpg, 1, 0, 0, 0
carrier--252-_jpg.rf.8adb93685e120615fa16e99bf2af1ca9.jpg, 0, 1, 0, 1
cruise--75-_jpg.rf.884c4f0fb734e821e1dc1dcceca0ecf3.jpg, 0, 0, 1, 1
cargo--53-_jpg.rf.88f53ad140b1d727d586e561dabae2c2.jpg, 1, 0, 0, 0
carrier--88-_jpg.rf.8a3c28b7a1ff5f2c85a51468efca031e.jpg, 0, 1, 0, 0
cargo--252-_jpg.rf.8b7c332e417d85b163b84174b111b0c4.jpg, 1, 0, 0, 0
carrier--187-_jpg.rf.8b050b65802c5c9f8484378481f57984.jpg, 0, 1, 0, 0
cruise--116-_jpg.rf.8a85160e4380053545ec1f5ab2e3a965.jpg, 0, 0, 1, 1
cargo--44-_jpg.rf.8c293405396edcb29bcd32fef6b91faf.jpg, 1, 0, 0, 0
carrier--127-_jpg.rf.8c6b48c756b0ee6e1e4e2219ae586c4e.jpg, 0, 1, 0, 0
cargo--173-_jpg.rf.8ca6ee7c02c98608b9eabbcb7b1567e6.jpg, 1, 0, 0, 0
cargo--64-_jpg.rf.8c0647b6be38d706ac380337888560d5.jpg, 1, 0, 0, 0
cargo--72-_jpg.rf.8d09cf26cbc7959a23d348f59c4c8b48.jpg, 1, 0, 0, 0
carrier--269-_jpg.rf.8ae2c89302e57f39a3fc46e5314af484.jpg, 0, 1, 0, 0
cruise--110-_jpg.rf.8e8038dc8d2db3a2a9fa95ee5f13d4aa.jpg, 0, 0, 1, 0
carrier--284-_jpg.rf.8c2cd3c9b92a5113146a0bb5fdc08baa.jpg, 0, 1, 0, 0
cargo--86-_jpg.rf.8de40fe70b4ad173727a009363efc724.jpg, 1, 0, 0, 0
cruise--223-_jpg.rf.8dd5ca39617016388b40d51cc03b9f5e.jpg, 0, 0, 1, 0
carrier--36-_jpg.rf.8eb37e22f8befa8680b42bea95133aa9.jpg, 0, 1, 0, 1
cruise--105-_jpg.rf.860fd2518eb4130840a1f5895423da0b.jpg, 0, 0, 1, 0
carrier--109-_jpg.rf.8e0de4f81df79393c8373ec2105787f2.jpg, 0, 1, 0, 1
cargo--153-_jpg.rf.923351117db8c244c3f95ea1d78a9b16.jpg, 1, 0, 0, 0
cruise--98-_jpg.rf.8b6506394e348362cc89b279220bee73.jpg, 0, 0, 1, 0
carrier--141-_jpg.rf.8f8cb6073e9e48a5909ffd817aa871d4.jpg, 0, 1, 0, 1
cruise--32-_jpg.rf.90a5a422e595b3645358d69014c62b4a.jpg, 0, 0, 1, 0
carrier--197-_jpg.rf.903ee366e9a682abb8d7143be180a80d.jpg, 0, 1, 0, 0
cargo--21-_jpg.rf.95a5eea563e44b81946f45900ee5f329.jpg, 1, 0, 0, 0
carrier--71-_jpg.rf.8eaac15d1145f936f9a8a02bbb7bbaec.jpg, 0, 1, 0, 0
cruise--41-_jpg.rf.8fb050af188d03c97ea635fc30c1992a.jpg, 0, 0, 1, 0
carrier--178-_jpg.rf.9190dedd8e33e6687bde11f236f7b063.jpg, 0, 1, 0, 0
carrier--20-_jpg.rf.8ec73a56fcc1a171a472c0005f29ccd7.jpg, 0, 1, 0, 0
cruise--137-_jpg.rf.9424730112d66fd15e28ceb68a017df9.jpg, 0, 0, 1, 1
cargo--3-_jpg.rf.91b0336a13fefdbc8eb630dbc4434ddf.jpg, 1, 0, 0, 0
carrier--28-_jpg.rf.92ebf1d4f5818ba5af04df1966af7b6a.jpg, 0, 1, 0, 0
cargo--158-_jpg.rf.945122afb095def595db82a51b412810.jpg, 1, 0, 0, 0
carrier--167-_jpg.rf.8d6257a917d2bd81c2dd9b85abb3f013.jpg, 0, 1, 0, 0
carrier--161-_jpg.rf.93963e767fdbb90b08638ef530f0ac14.jpg, 0, 1, 0, 1
carrier--190-_jpg.rf.95e5dadcc6b1f229f03b6dc03fd155e2.jpg, 0, 1, 0, 0
carrier--145-_jpg.rf.8f4b18962454f2cc62d01300be263a61.jpg, 0, 1, 0, 1
cruise--175-_jpg.rf.019fb2e40b1e3158a22eb719b182e298.jpg, 0, 0, 1, 0
cruise--14-_jpg.rf.007dd5456cbe1daccdea30f19451ee08.jpg, 0, 0, 1, 0
cargo--98-_jpg.rf.00ab4efa9cec6cff38350de0f22629c8.jpg, 1, 0, 0, 0
carrier--177-_jpg.rf.002db6533ab048558c925f9964b5bcf1.jpg, 0, 1, 0, 0
cargo--134-_jpg.rf.04e91e404739e0c52ca541b033f1067c.jpg, 1, 0, 0, 0
carrier--189-_jpg.rf.0408fa75548fbc8e9cabc142efc1e1a4.jpg, 0, 1, 0, 0
carrier--117-_jpg.rf.05b1bddf774b17168f4279841fad9e63.jpg, 0, 1, 0, 0
carrier--218-_jpg.rf.071da51fa19f11197bcb478c24ab143f.jpg, 0, 1, 0, 0
carrier--81-_jpg.rf.04942c2bd96410e3e8fadf6093e2a843.jpg, 0, 1, 0, 0
cargo--1-_jpg.rf.00c7e53762d44d0bd04017df44638ec4.jpg, 1, 0, 0, 0
cargo--107-_jpg.rf.053544b819569197279de63e6f687621.jpg, 1, 0, 0, 0
cargo--89-_jpg.rf.0028ce1c097bc2d97c26b20aecf9b1f0.jpg, 1, 0, 0, 0
cruise--93-_jpg.rf.057be3503597244720e0462feb240907.jpg, 0, 0, 1, 0
carrier--182-_jpg.rf.0332edc3b11c22d987dd69ab31291c62.jpg, 0, 1, 0, 0
carrier--95-_jpg.rf.0500daaf68154fe66980489aa46e1802.jpg, 0, 1, 0, 0
cruise--230-_jpg.rf.0628a03017ff976f94076663b8885cb2.jpg, 0, 0, 1, 0
cruise--133-_jpg.rf.033cdd1c23dfbb79f257362ee4480d7b.jpg, 0, 0, 1, 0
cruise--61-_jpg.rf.03c6f9e18a19de59c955108f5aa90a40.jpg, 0, 0, 1, 0
cruise--283-_jpg.rf.02117ba317112c8af89544afa72ae25a.jpg, 0, 0, 1, 0
cruise--231-_jpg.rf.0594a75450f08023c31e4fbcb4c75197.jpg, 0, 0, 1, 1
cruise--177-_jpg.rf.05d08233da0d214c8f655a6b9864416f.jpg, 0, 0, 1, 1
cruise--131-_jpg.rf.03db3be2c4fc9560c89f0e1462db0719.jpg, 0, 0, 1, 1
carrier--212-_jpg.rf.004c316ac82d4ebd827ff7c3a8f628d3.jpg, 0, 1, 0, 0
carrier--261-_jpg.rf.04757211bb50d2db8fa4e77e73d0035b.jpg, 0, 1, 0, 1
carrier--154-_jpg.rf.037593bad181b8bafe8ba10e2b3bf7fb.jpg, 0, 1, 0, 0
cargo--57-_jpg.rf.09525a402e152ff090b227cf7d0e5993.jpg, 1, 0, 0, 0
cargo--96-_jpg.rf.0987a267fcd9f12eb2cd3ee81411b248.jpg, 1, 0, 0, 0
cruise--245-_jpg.rf.07b0f286f3ed7910f218fe98f59fdf0a.jpg, 0, 0, 1, 1
cargo--233-_jpg.rf.092758082a041de416f5e05f85792f1e.jpg, 1, 0, 0, 0
cargo--82-_jpg.rf.0cada38edc7a6af22a7033b05760480f.jpg, 1, 0, 0, 0
carrier--41-_jpg.rf.0a6b650e65d3f53596ae9348da4773e1.jpg, 0, 1, 0, 0
cruise--206-_jpg.rf.0cd4339b04e9b3e7e5048eecc92a3c3b.jpg, 0, 0, 1, 1
carrier--87-_jpg.rf.0a5bea4d1a3c85b7b90412ed710d8e54.jpg, 0, 1, 0, 0
cruise--255-_jpg.rf.0c4e87a9024da65f25b6fb1ed3b157d1.jpg, 0, 0, 1, 1
cruise--18-_jpg.rf.0a03498d60a82ce05f644fb7f52958f5.jpg, 0, 0, 1, 0
cargo--217-_jpg.rf.0b74163c0824ba9f390df09b2faa9378.jpg, 1, 0, 0, 0
cruise--299-_jpg.rf.09e954905d000e47a868e15b2ef6c97a.jpg, 0, 0, 1, 0
carrier--134-_jpg.rf.0bb4d0fb30cc097932a4738cbc513a75.jpg, 0, 1, 0, 1
carrier--164-_jpg.rf.0b09f8c25e6b04ff679c3e7969be4c23.jpg, 0, 1, 0, 0
carrier--58-_jpg.rf.0a4779275749ad37ebf2108ca78142b3.jpg, 0, 1, 0, 0
cargo--283-_jpg.rf.0aa3ef3fce6577c7ae458a18cfaa2bb2.jpg, 1, 0, 0, 0
cargo--269-_jpg.rf.0d4785b6f78895e9c803c40addbf9756.jpg, 1, 0, 0, 0
cargo--127-_jpg.rf.0f15de8abf6d4168010fff80a5ee71e6.jpg, 1, 0, 0, 0
cargo--294-_jpg.rf.09ef5a2dda27eba5c9dee60fbede2f4f.jpg, 1, 0, 0, 0
cargo--149-_jpg.rf.0dd4a9d952d369e447151dca19b20c75.jpg, 1, 0, 0, 0
cruise--235-_jpg.rf.0f4de4d360b3b37b727e211ba75df7fb.jpg, 0, 0, 1, 0
carrier--193-_jpg.rf.0cad38877e06acf252e9cea04526d5ea.jpg, 0, 1, 0, 0
cargo--271-_jpg.rf.0d05ecbd7b4d87a064f207d1fed5cbe7.jpg, 1, 0, 0, 0
cruise--128-_jpg.rf.0e739c4be50cc1a9e23cccdac221c5df.jpg, 0, 0, 1, 0
cargo--297-_jpg.rf.1104567c7e157a939a3df802ef916b37.jpg, 1, 0, 0, 0
carrier--85-_jpg.rf.0f27df5cae82b901176ef4726194037b.jpg, 0, 1, 0, 0
cruise--127-_jpg.rf.10f86076ccad2f62a7d4e05a9fae479e.jpg, 0, 0, 1, 1
cargo--290-_jpg.rf.132e5033c5b25b1ddf19f9c190fe1a27.jpg, 1, 0, 0, 0
cargo--237-_jpg.rf.112040babdc5498db42d558985004b6a.jpg, 1, 0, 0, 1
cargo--92-_jpg.rf.1168666c88f29e075b1edb0a99d94e1e.jpg, 1, 0, 0, 0
cargo--61-_jpg.rf.0c1c5d56529016d5d36a011b46677414.jpg, 1, 0, 0, 0
cruise--24-_jpg.rf.158f1f5e01725fbbea6a77b92287a384.jpg, 0, 0, 1, 1
cruise--152-_jpg.rf.1189d03fe3c0899257619b44922a2d1b.jpg, 0, 0, 1, 1
carrier--295-_jpg.rf.117b338936c93b62ee857a98ffd32d34.jpg, 0, 1, 0, 1
cargo--38-_jpg.rf.10b7f6f3878e0cb56593b05aedc176aa.jpg, 1, 0, 0, 0
cargo--292-_jpg.rf.11c00b697386ab8e901991787b73936b.jpg, 1, 0, 0, 0
cruise--120-_jpg.rf.13f98b0148cb9c20de32b926c34152ae.jpg, 0, 0, 1, 1
carrier--168-_jpg.rf.14ddd59bdf00d4c221e4e9e68dbd31b3.jpg, 0, 1, 0, 0
cargo--169-_jpg.rf.12309f05bdb2121d2dedc531e7e71595.jpg, 1, 0, 0, 0
cruise--156-_jpg.rf.13451e4dc8457f0cc897a94289a08ba8.jpg, 0, 0, 1, 1
cruise--9-_jpg.rf.144df93bc1c95df0d7e6b5219a286065.jpg, 0, 0, 1, 0
cargo--71-_jpg.rf.14f7ddb3d626bd91fb6a3d7d704f8e58.jpg, 1, 0, 0, 0
cargo--186-_jpg.rf.150908a80c212b1a398a8aad89dc52e3.jpg, 1, 0, 0, 0
carrier--35-_jpg.rf.15dfb0fea7124ba21b1cd18c15ebb229.jpg, 0, 1, 0, 0
carrier--254-_jpg.rf.1677192ed8d2fc46d70ba05e3f328324.jpg, 0, 1, 0, 0
carrier--227-_jpg.rf.0fa911c3ee3e965f7eea1a89ccd234c3.jpg, 0, 1, 0, 0
carrier--73-_jpg.rf.171f413b0b355e01a46151ebe00c7092.jpg, 0, 1, 0, 0
cargo--164-_jpg.rf.14d4e49c96c289842097384390b3d5eb.jpg, 1, 0, 0, 0
cruise--259-_jpg.rf.0d617c0775b20aa398641d557cf750b2.jpg, 0, 0, 1, 0
carrier--186-_jpg.rf.15d64927da6f8d9020aa4ea5318136a4.jpg, 0, 1, 0, 0
cruise--139-_jpg.rf.182406078c69f623dad9eddec14c4cdb.jpg, 0, 0, 1, 0
carrier--4-_jpg.rf.18f68af07084e891c209491379b42899.jpg, 0, 1, 0, 0
cargo--174-_jpg.rf.18e0a317ba20b36225418df111be7a87.jpg, 1, 0, 0, 0
cargo--14-_jpg.rf.19e32de516c32b058c2865d0fefdaf9b.jpg, 1, 0, 0, 0
cruise--173-_jpg.rf.173f95b00bc3e2bf15b680ceafae3419.jpg, 0, 0, 1, 1
carrier--144-_jpg.rf.19f2b3cfe00ac9dd771d4a83853ba6c1.jpg, 0, 1, 0, 0
cruise--294-_jpg.rf.17dffe76ff6835254acc7b061827bd9b.jpg, 0, 0, 1, 1
cruise--291-_jpg.rf.18470c1b4e3345384a153ee6c746b289.jpg, 0, 0, 1, 1
cargo--251-_jpg.rf.1c3da241b30b4141b253021d4e3dff08.jpg, 1, 0, 0, 0
cruise--182-_jpg.rf.1d2e94b36440824bc4c74334ec770c55.jpg, 0, 0, 1, 0
cruise--108-_jpg.rf.182a8cd97fef0e3aa63451e08d40e81a.jpg, 0, 0, 1, 0
cruise--247-_jpg.rf.1d2e3b46f21ca41d312614f23f6e183b.jpg, 0, 0, 1, 0
cargo--42-_jpg.rf.19f8018964f7fd7461620ee23d78860c.jpg, 1, 0, 0, 0
cruise--34-_jpg.rf.155ba964af136999229ccfce42c7979d.jpg, 0, 0, 1, 0
carrier--160-_jpg.rf.1a57fb568b9a1b5e948ed360f88dfeda.jpg, 0, 1, 0, 1
carrier--119-_jpg.rf.1cd70e6301423a9dcb36537c5be44cfd.jpg, 0, 1, 0, 0
carrier--82-_jpg.rf.1ba0f552b295a28e23ee6b115d421204.jpg, 0, 1, 0, 0
cruise--170-_jpg.rf.1c6bf004634f2be0f4a4a8bb49aac38f.jpg, 0, 0, 1, 0
carrier--128-_jpg.rf.17d9cbde7c8299715c344b1f50875245.jpg, 0, 1, 0, 0
cargo--222-_jpg.rf.17d40eb0e404ae15b95be557814f3191.jpg, 1, 0, 0, 0
cargo--227-_jpg.rf.1af3b9d4917350d430189d546771601f.jpg, 1, 0, 0, 0
cargo--168-_jpg.rf.1e6717d5d7a6e5cd8025d2610c173adf.jpg, 1, 0, 0, 0
cruise--101-_jpg.rf.1d7a495f140c132985c0c16601a3b981.jpg, 0, 0, 1, 1
cargo--180-_jpg.rf.1e92c06dba7dba2fddd0a5ddc4f98cce.jpg, 1, 0, 0, 0
cargo--159-_jpg.rf.193a9a81bb352e35b86d90a474c536c0.jpg, 1, 0, 0, 0
cruise--187-_jpg.rf.20a72a420918075fb9827a78ead66de2.jpg, 0, 0, 1, 1
carrier--62-_jpg.rf.1ddd3c68fb6add972c61a870f2f1a897.jpg, 0, 1, 0, 0
cruise--169-_jpg.rf.21a2a69b430fda99627fa9af35adbdaa.jpg, 0, 0, 1, 1
cargo--110-_jpg.rf.1fe131384cd3091792743e1418abc59e.jpg, 1, 0, 0, 0
cruise--70-_jpg.rf.1eb27bbb627225ac143e493a2bff637c.jpg, 0, 0, 1, 0
cargo--286-_jpg.rf.186a2db51de4cb696d24596125472b5a.jpg, 1, 0, 0, 0
carrier--285-_jpg.rf.1e88580a611fe9bfad313031a20ae0cb.jpg, 0, 1, 0, 0
carrier--163-_jpg.rf.1ef5edffacc32bd6eb870bb7883c2f78.jpg, 0, 1, 0, 0
carrier--192-_jpg.rf.216afd655aadba58eb6ed8ccc7245c44.jpg, 0, 1, 0, 0
carrier--93-_jpg.rf.2356176b1ffe386164a434fcaf14601e.jpg, 0, 1, 0, 0
cargo--226-_jpg.rf.2247223a52b3961f96d1e7aeb3ee6443.jpg, 1, 0, 0, 0
cargo--16-_jpg.rf.1fa8a6d5462a89e513627ef72601804d.jpg, 1, 0, 0, 0
carrier--172-_jpg.rf.20dd7f57e5aa9dc1642a4f91d1f4d0b7.jpg, 0, 1, 0, 1
cruise--140-_jpg.rf.22681f1fe4a5a7a24b2d69b1c0792c63.jpg, 0, 0, 1, 0
carrier--80-_jpg.rf.1f0c1500b0c5adda753e545797f45ce8.jpg, 0, 1, 0, 0
cruise--280-_jpg.rf.1f25aa06d7726f2ecc28b4b52413b0b1.jpg, 0, 0, 0, 1
carrier--23-_jpg.rf.1f368d7286f01feeb622c585ed3977bb.jpg, 0, 1, 0, 0
carrier--238-_jpg.rf.1d9f6cb1e8f34bd3ea2f4d5339bdd6a8.jpg, 0, 1, 0, 0
cruise--258-_jpg.rf.24b722140c2a642ce5f886f08af3aa5d.jpg, 0, 0, 1, 0
cargo--26-_jpg.rf.23271d3b8385ed4f946a112d12bacef8.jpg, 1, 0, 0, 0
cruise--261-_jpg.rf.239c0ef2b1f7feae639e75095bc3907b.jpg, 0, 0, 1, 0
cargo--146-_jpg.rf.23d6d26bdefbf17269213710ca797a1f.jpg, 1, 0, 0, 0
carrier--7-_jpg.rf.24f89df5c374a35f7171274a6de7c930.jpg, 0, 1, 0, 0
cruise--190-_jpg.rf.256db23eb0b3f9c9031a0a8a5dede9c7.jpg, 0, 0, 1, 0
cruise--82-_jpg.rf.280a1c008ad8fc73d732ff7a57c00611.jpg, 0, 0, 1, 1
cruise--196-_jpg.rf.237a6f1d21ac503ed592e940d6a36d9f.jpg, 0, 0, 1, 1
cruise--37-_jpg.rf.25580032a6ffa25250fb1b0f12579dfa.jpg, 0, 0, 1, 0
carrier--274-_jpg.rf.1f7db7ca77faed789065cfcac3479ad4.jpg, 0, 1, 0, 0
cargo--203-_jpg.rf.24a73dae439cf3a1a1a8e98ef196ed9e.jpg, 1, 0, 0, 0
cargo--49-_jpg.rf.257a9551b5a8218692670c924d73842c.jpg, 1, 0, 0, 0
cruise--292-_jpg.rf.2c72f12329884ed8c8f68d31ad5e7765.jpg, 0, 0, 1, 1
cruise--55-_jpg.rf.2551e380591e45beabca003fc1c3df3c.jpg, 0, 0, 1, 0
cruise--134-_jpg.rf.24954a46242308e8f2bc1ac2aa0b9839.jpg, 0, 0, 1, 0
cruise--295-_jpg.rf.2c543fbdc6702e92575be8339fae8bdd.jpg, 0, 0, 1, 0
cruise--150-_jpg.rf.2c5c2744616a2b92459c6da7998d2fa7.jpg, 0, 0, 1, 1
cargo--256-_jpg.rf.26004f5e4637114e0b105f006440974f.jpg, 1, 0, 0, 0
cargo--150-_jpg.rf.28896e273ecdf2b5116c31f81f1d93e0.jpg, 1, 0, 0, 0
cargo--260-_jpg.rf.2d2080b8dee1f326abd4e7b0e83c80d1.jpg, 1, 0, 0, 0
cruise--135-_jpg.rf.2cd2849077b2e1c79a23452b525d3b5a.jpg, 0, 0, 1, 0
cargo--100-_jpg.rf.29582f0af8b2687ec1477986206e80f5.jpg, 1, 0, 0, 1
carrier--139-_jpg.rf.2fe8236594b5f78fa48bcc1bfdda2840.jpg, 0, 1, 0, 0
cruise--260-_jpg.rf.2f115c2cd711d6b79c8a3c1f2f6aca33.jpg, 0, 0, 1, 0
carrier--294-_jpg.rf.2d426eb45bcee410fac2b6ecff9be29e.jpg, 0, 1, 0, 0
cargo--103-_jpg.rf.2f804460803759ef95a586317c6612b9.jpg, 1, 0, 0, 0
cruise--130-_jpg.rf.260fb35c0ba56b05719a03bf8e3b9153.jpg, 0, 0, 1, 0
cargo--138-_jpg.rf.2db65443a482789ca329ba5f6d0b34c4.jpg, 1, 0, 0, 0
cruise--142-_jpg.rf.2f7577b2959439ae5909c27610688982.jpg, 0, 0, 1, 1
cruise--164-_jpg.rf.30bf756563ac3fc71599f93d80e349f8.jpg, 0, 0, 1, 0
cruise--58-_jpg.rf.2ee961810feaed4a8c1a34368aec3e89.jpg, 0, 0, 1, 0
cargo--123-_jpg.rf.24e2c94d924f9d91d96feedc089f7cde.jpg, 1, 0, 0, 0
carrier--183-_jpg.rf.30c230c6d5ec8ca45f9570b0cdf59d69.jpg, 0, 1, 0, 0
cruise--300-_jpg.rf.2e2eba7b26390ff084ce22c7f6f59cc6.jpg, 0, 0, 1, 0
carrier--103-_jpg.rf.2e275af6a1834fe85c5aafc471bfde7a.jpg, 0, 1, 0, 0
cargo--117-_jpg.rf.31c85052e03c43deb31b9ea80b551b24.jpg, 1, 0, 0, 0
carrier--264-_jpg.rf.2d8c7239f552f106fc6c56c46e0a8983.jpg, 0, 1, 0, 0
cruise--278-_jpg.rf.2fb7fbc4d65391ef2b85eeb6c2ce7f0d.jpg, 0, 0, 1, 0
cruise--289-_jpg.rf.30ac239d10f391aeb0dec45d2ddca563.jpg, 0, 0, 1, 0
carrier--214-_jpg.rf.32ad776d61c939d5543c0ac971cec6cf.jpg, 0, 1, 0, 0
cruise--123-_jpg.rf.30f0eb82b3c3c55123198853d5512f7d.jpg, 0, 0, 1, 0
carrier--118-_jpg.rf.318e5d6c339760a244a40cce8b773af8.jpg, 0, 1, 0, 0
cargo--109-_jpg.rf.3046855768c82f4acba4fffdf86981dd.jpg, 1, 0, 0, 0
cruise--181-_jpg.rf.2e6905d77f626184e92551df4ed5c447.jpg, 0, 0, 1, 1
carrier--50-_jpg.rf.3221e805fe64caf16de001b210475e9c.jpg, 0, 1, 0, 0
cruise--23-_jpg.rf.33c38596372416902840bd621bd82c4c.jpg, 0, 0, 1, 0
cargo--8-_jpg.rf.2ec9402a8b69af43eb87783d33b80691.jpg, 1, 0, 0, 0
carrier--166-_jpg.rf.33c964ec5d54265c16f23ae0e194617d.jpg, 0, 1, 0, 0
cruise--124-_jpg.rf.2ebba4c826544f7a9d7949639a7290cd.jpg, 0, 0, 1, 0
cruise--189-_jpg.rf.35fbc5ff60bb623e5a0f24c4bb833180.jpg, 0, 0, 1, 0
cruise--86-_jpg.rf.35b7edc2f185d689b7bdf00e6e17451a.jpg, 0, 0, 1, 1
cargo--54-_jpg.rf.357e47fd961d26463980d691dcb245aa.jpg, 1, 0, 0, 0
carrier--122-_jpg.rf.3695f2131937b9789f6c8ef8593cc443.jpg, 0, 1, 0, 0
cargo--183-_jpg.rf.3631728c520edbc55913cf577ddad954.jpg, 1, 0, 0, 1
cruise--254-_jpg.rf.3561c5094424836a81d8f9ebceee8912.jpg, 0, 0, 1, 0
cargo--157-_jpg.rf.31e37f8411fa3db7acf782bfd4b888bf.jpg, 1, 0, 0, 0
cargo--135-_jpg.rf.361874a74128db1ed79816c9b64cb004.jpg, 1, 0, 0, 0
carrier--31-_jpg.rf.36e964cee2afc29a7d1fadb09c634110.jpg, 0, 1, 0, 0
carrier--53-_jpg.rf.31e6bbfe5b38da28871bba4c7de0ea6f.jpg, 0, 1, 0, 0
cargo--114-_jpg.rf.3628f96d3785dc99dce44c43032ca091.jpg, 1, 0, 0, 1
cruise--234-_jpg.rf.3421fc8aadb9c017db6838a715a986df.jpg, 0, 0, 1, 0
cargo--156-_jpg.rf.34e2056d360a893813760091a8098925.jpg, 1, 0, 0, 1
carrier--253-_jpg.rf.37bd259b261b6669694d405199ef534d.jpg, 0, 1, 0, 0
carrier--204-_jpg.rf.387f6111e1b9669bb87fd749d638d2b3.jpg, 0, 1, 0, 0
cruise--237-_jpg.rf.31e16c3405a7ce2810486a7822eac1d1.jpg, 0, 0, 1, 0
cruise--271-_jpg.rf.392ed0aabec24ae7a3411d1a18cb48b3.jpg, 0, 0, 1, 0
cargo--221-_jpg.rf.3788cd45fd0c5f70508dd49cfa678996.jpg, 1, 0, 0, 0
cruise--46-_jpg.rf.391db3cb9e8a100e8782440a03a2239f.jpg, 0, 0, 1, 0
cruise--16-_jpg.rf.374fead35233ad39d36e4dc9c7d08488.jpg, 0, 0, 1, 1
cargo--284-_jpg.rf.3a0735c592e29243a6889850794e7413.jpg, 1, 0, 0, 0
carrier--257-_jpg.rf.38a22ca93536b35c46fffc86b74225f1.jpg, 0, 1, 0, 0
carrier--1-_jpg.rf.3934db15b909b89e291c85a57dbba0f6.jpg, 0, 1, 0, 0
cruise--80-_jpg.rf.32da470d6829f42dbb664ebf96468095.jpg, 0, 0, 1, 1
cargo--266-_jpg.rf.3aa7d5e91a96d98707d0aa7d8ff6d8e9.jpg, 1, 0, 0, 0
carrier--175-_jpg.rf.1b98fcd26a9335dab783fa3942af058b.jpg, 0, 1, 0, 1
cargo--197-_jpg.rf.3a7ba2ea3b1439ac88ef5faa946c6bc6.jpg, 1, 0, 0, 0
cargo--253-_jpg.rf.35c3cc696d815c7a41e905b00661ca21.jpg, 1, 0, 0, 0
cruise--145-_jpg.rf.3a0e975d1335628d246d3af38548a7b1.jpg, 0, 0, 1, 0
carrier--279-_jpg.rf.3c6d9aaa32f0752bcb910f2e96a4f009.jpg, 0, 1, 0, 0
carrier--251-_jpg.rf.3b0d77cf90825817e0a1b77a81f349f6.jpg, 0, 1, 0, 0
cruise--69-_jpg.rf.3b350507458f7684937974eda4c87702.jpg, 0, 0, 1, 0
carrier--37-_jpg.rf.3c83054ab311876487bb7fcf2eebebfe.jpg, 0, 1, 0, 0
cruise--79-_jpg.rf.3ce16d14c6f8274e68f4e1dae38dc1a2.jpg, 0, 0, 1, 0
cargo--78-_jpg.rf.3b733ec133112eb4a7ac8a0388c19fa4.jpg, 1, 0, 0, 0
cargo--278-_jpg.rf.3bcf37269c70e30ef87419ac4f0dd14d.jpg, 1, 0, 0, 0
cargo--176-_jpg.rf.3ad67f00dd3671d76b5a1ab4d5d7e0ce.jpg, 1, 0, 0, 0
cargo--5-_jpg.rf.3cc0f19e4ee5910ae08fdc3fbcdad1f4.jpg, 1, 0, 0, 0
carrier--293-_jpg.rf.3efa3141ba3618614194095615348f8b.jpg, 0, 1, 0, 0
carrier--49-_jpg.rf.3ca332fe669218892f33375e773266d6.jpg, 0, 1, 0, 0
carrier--66-_jpg.rf.3ee398472ce8e318736332029eecea96.jpg, 0, 1, 0, 1
cruise--104-_jpg.rf.3fbdd45a5af3108fb2a5a32c22b8454f.jpg, 0, 0, 1, 0
cargo--211-_jpg.rf.3db8a28792fff3c4c7cdcd9d6aea7276.jpg, 1, 0, 0, 0
cargo--238-_jpg.rf.3fc1f12cab6cf3f1d438cac146bbc846.jpg, 1, 0, 0, 1
cargo--91-_jpg.rf.3ec5c947e1ef9bbe0dddc48039dfe282.jpg, 1, 0, 0, 0
cargo--199-_jpg.rf.3d5c64a265179609037987984cea0788.jpg, 1, 0, 0, 0
carrier--136-_jpg.rf.4027da1f6b2e852a22cd0cb890f57598.jpg, 0, 1, 0, 0
carrier--138-_jpg.rf.3b14e7576e3b883a72bbd91a1c4f537c.jpg, 0, 1, 0, 0
cruise--191-_jpg.rf.3ae669de3db5f43f3d66161d137a8061.jpg, 0, 0, 1, 0
cruise--246-_jpg.rf.4027aa14f043a9fd94b1bd22e7f225e8.jpg, 0, 0, 1, 1
cargo--206-_jpg.rf.41b752852e7644caa19a92ee4cb93727.jpg, 1, 0, 0, 0
cargo--120-_jpg.rf.3b049bc557d2c049166e2892d66b6e1c.jpg, 1, 0, 0, 0
cruise--168-_jpg.rf.4258f78670198d1963f7b11e394cd550.jpg, 0, 0, 1, 1
cruise--207-_jpg.rf.40d1bf29089b65616aaaccf32d95e178.jpg, 0, 0, 1, 0
cargo--60-_jpg.rf.43183abc6037068112199984da711f53.jpg, 1, 0, 0, 0
carrier--21-_jpg.rf.439aa27ebd3c6109467b6383a9e8f043.jpg, 0, 1, 0, 0
cargo--295-_jpg.rf.4339e77080a5a250a6d3d828b917dc21.jpg, 1, 0, 0, 0
cruise--144-_jpg.rf.3c8f80f36768e74505cf3206da2526f7.jpg, 0, 0, 1, 0
cruise--279-_jpg.rf.42fb0ec78555c55ebc6a7936a6eab6e2.jpg, 0, 0, 1, 0
cargo--126-_jpg.rf.41a516575df94b7615baadfdb4bea82c.jpg, 1, 0, 0, 0
cruise--163-_jpg.rf.456dd4343b518acc505f9e65d000b12e.jpg, 0, 0, 1, 1
carrier--112-_jpg.rf.44d4bb588b86bd4711f52ae85c63884d.jpg, 0, 1, 0, 0
cargo--231-_jpg.rf.40261fc9e63c5be67262be584907848e.jpg, 1, 0, 0, 0
cruise--28-_jpg.rf.4461fdbddafc07627aa53d64e4eee2ca.jpg, 0, 0, 1, 1
cargo--106-_jpg.rf.4677e815f7da3e548e8ae6eff05d088d.jpg, 1, 0, 0, 0
cargo--259-_jpg.rf.435769facb9f80de898ed581ba322e0b.jpg, 1, 0, 0, 0
cruise--54-_jpg.rf.452c1b9fd6001e09c15fcf9b1e78dada.jpg, 0, 0, 1, 1
cruise--4-_jpg.rf.47af1fddd1c9611ff128f03919f13f5a.jpg, 0, 0, 1, 0
cargo--122-_jpg.rf.43c76e575dcae8cc5c7be0a3c25a5c29.jpg, 1, 0, 0, 0
cargo--99-_jpg.rf.43eab159946371ab8b606032d8e97608.jpg, 1, 0, 0, 0
cargo--6-_jpg.rf.444a812b7f036133c163f9f2b07eab0c.jpg, 1, 0, 0, 1
cruise--159-_jpg.rf.45db17160b58541be2953e47a1d215c4.jpg, 0, 0, 1, 0
carrier--17-_jpg.rf.47d92a45008c206f5c1c85479221fc83.jpg, 0, 1, 0, 0
carrier--233-_jpg.rf.4585609d3dd8ecd1e93cc9fbfc411b9c.jpg, 0, 1, 0, 0
cargo--65-_jpg.rf.44f3eafe508919d1bfad9938457c1c47.jpg, 1, 0, 0, 0
cargo--202-_jpg.rf.47ba37b3334fd7d2748a854871a4b72c.jpg, 1, 0, 0, 0
cruise--167-_jpg.rf.4679e5f542076d95fc9cc57c381022f8.jpg, 0, 0, 1, 1
carrier--148-_jpg.rf.46f5f8eb593c5a7b1e4a6be91fa88bfe.jpg, 0, 1, 0, 0
cargo--255-_jpg.rf.381de8d6bbfec28a9b57b3f5195736bc.jpg, 1, 0, 0, 0
carrier--202-_jpg.rf.458f8eeae4b4cffce29a2b959f51cc6f.jpg, 0, 1, 0, 0
cargo--204-_jpg.rf.44cb34bbca8514fe686df424a785a053.jpg, 1, 0, 0, 0
cargo--12-_jpg.rf.46a60054ff55bff34f154d5103c1ef79.jpg, 1, 0, 0, 0
cargo--113-_jpg.rf.3fae5b50ef86b8b26ecee0e13ab105cb.jpg, 1, 0, 0, 0
cargo--182-_jpg.rf.9963b788d34bade5efb4ae76ea3c6659.jpg, 1, 0, 0, 0
carrier--215-_jpg.rf.968be319cd8550ef47d51f490756e64d.jpg, 0, 1, 0, 0
cruise--236-_jpg.rf.9818f91c3634eba1d20a5fba33167467.jpg, 0, 0, 1, 1
carrier--157-_jpg.rf.991a1c995efd1bee0b02e4e19e496e86.jpg, 0, 1, 0, 0
cargo--285-_jpg.rf.984f352bb36ebe86704e32f5aac7cb6d.jpg, 1, 0, 0, 0
cargo--179-_jpg.rf.985784d7756e7aae6927a41e1a2233ac.jpg, 1, 0, 0, 0
cargo--214-_jpg.rf.995e0ccf9b116219247a51e6c1074e08.jpg, 1, 0, 0, 0
cruise--158-_jpg.rf.978b54645f7b02d3928fe20d7443e2e9.jpg, 0, 0, 1, 0
cargo--111-_jpg.rf.9999ac69082fdce141917fa84d040db1.jpg, 1, 0, 0, 0
carrier--59-_jpg.rf.960db6a824f886c6c20b8c4cca22df8a.jpg, 0, 1, 0, 0
cargo--257-_jpg.rf.9611d5ca5b7e27b53770fc95194a0bd5.jpg, 1, 0, 0, 0
cruise--186-_jpg.rf.96c01bd0fbf6fc002ea4b7402e4955f0.jpg, 0, 0, 1, 0
cruise--53-_jpg.rf.98e62e7eb6666099699b4f7c9c834fd1.jpg, 0, 0, 1, 1
carrier--64-_jpg.rf.97ff0ea0cd56435875a1243972a118cb.jpg, 0, 1, 0, 0
carrier--69-_jpg.rf.963bc37fd8eddf5b528bd6b69fe614e0.jpg, 0, 1, 0, 0
carrier--296-_jpg.rf.97da4ec8fad74d02ff7d9994b31e7c64.jpg, 0, 1, 0, 1
cargo--144-_jpg.rf.9852414e833500c48e7850afb9f147fa.jpg, 1, 0, 0, 0
cruise--218-_jpg.rf.985231e61b44b45a4e98580201517714.jpg, 0, 0, 1, 0
carrier--10-_jpg.rf.973ac135b24115f5b5ae41cc3ea1e09f.jpg, 0, 1, 0, 0
carrier--13-_jpg.rf.96f932b046692a40312f4cc0e2254963.jpg, 0, 1, 0, 0
cruise--298-_jpg.rf.977621843f3b14917c5d8a76e23cde7e.jpg, 0, 0, 1, 0
cruise--45-_jpg.rf.999441baa2964cf185f74db4cc75b23c.jpg, 0, 0, 1, 1
carrier--150-_jpg.rf.999f3b67757f06fbc84bcf0901f8f79a.jpg, 0, 1, 0, 0
cruise--87-_jpg.rf.99a66cab3c649653aa9a427cb6e6049e.jpg, 0, 0, 1, 0
carrier--165-_jpg.rf.9ab0f4852eba741aeadc37778174ae82.jpg, 0, 1, 0, 0
cruise--97-_jpg.rf.9be885b1f425cc2f4e52963149cdc5ff.jpg, 0, 0, 1, 0
cruise--30-_jpg.rf.9bf01daa7818137658e0a2e0852dbbca.jpg, 0, 0, 1, 0
carrier--42-_jpg.rf.9ab1c7e0eebd362d485778f3685e5c8e.jpg, 0, 1, 0, 0
cargo--43-_jpg.rf.98cf03be43c6284c30f015da87fc89b2.jpg, 1, 0, 0, 0
carrier--267-_jpg.rf.9c4a184c266708c7f6efb5135c66c933.jpg, 0, 1, 0, 0
cruise--192-_jpg.rf.995f2ed6640a10097ff06d746b88304f.jpg, 0, 0, 1, 0
carrier--237-_jpg.rf.9f2967aba177dfa6dde7ac1f0dac0a35.jpg, 0, 1, 0, 0
carrier--181-_jpg.rf.9ec2c28834c408d2bfb204f44814f654.jpg, 0, 1, 0, 0
cruise--226-_jpg.rf.9e9820a9edd93c6805addbe45c51a4cb.jpg, 0, 0, 1, 0
carrier--216-_jpg.rf.9e0df575aa323492557d3faaa45d99d6.jpg, 0, 1, 0, 0
carrier--229-_jpg.rf.9e150d7edf9a9b2e9151888b71ee4dac.jpg, 0, 1, 0, 0
carrier--116-_jpg.rf.9f9f73ca3831f800de83cf7b23a1f024.jpg, 0, 1, 0, 0
cargo--58-_jpg.rf.9f0b44dad808469e607fc211f4bbfbf1.jpg, 1, 0, 0, 0
carrier--105-_jpg.rf.9afd56e15f59f88018bc9b1ac39f48e1.jpg, 0, 1, 0, 0
cruise--199-_jpg.rf.9b68f84f374b319ee1d24c5ce2833a8e.jpg, 0, 0, 1, 1
carrier--89-_jpg.rf.9e1a66fa600aefe22bdb38ffdbdab94f.jpg, 0, 1, 0, 0
carrier--243-_jpg.rf.a30dc8596b70667b271ee2b884748643.jpg, 0, 1, 0, 0
cargo--27-_jpg.rf.a103296e2c20ed66e577b6685f4da330.jpg, 1, 0, 0, 0
cruise--197-_jpg.rf.a0dc97abce5a73d428a795f8874c4270.jpg, 0, 0, 1, 1
cruise--275-_jpg.rf.a0fac0089ac5ebedfa2cc79aa034a177.jpg, 0, 0, 1, 1
carrier--6-_jpg.rf.a0c09a24f44ae92f7e8d1792581ef88b.jpg, 0, 1, 0, 0
cargo--20-_jpg.rf.a31706f9c982707edff03ea20a669a6a.jpg, 1, 0, 0, 1
carrier--51-_jpg.rf.a0966f4f3857cc166ac026a743549afd.jpg, 0, 1, 0, 0
cruise--183-_jpg.rf.a31c3679337dc470316a0b577772f184.jpg, 0, 0, 1, 1
cargo--40-_jpg.rf.9fd5a8a87ad6f91a1e2da92a0b0e39c7.jpg, 1, 0, 0, 0
cargo--147-_jpg.rf.a117d92c867b4ebb187ef2b9afdb5c70.jpg, 1, 0, 0, 0
cruise--84-_jpg.rf.a37bcd663660d0b160959579feebbc12.jpg, 0, 0, 1, 0
cargo--209-_jpg.rf.99c2bf54944384367f7b47da91c79228.jpg, 1, 0, 0, 0
carrier--19-_jpg.rf.a2acb7923453619083d93502662608ff.jpg, 0, 1, 0, 0
cargo--80-_jpg.rf.a20e0e62487eed31bdcf82707edad723.jpg, 1, 0, 0, 0
cruise--88-_jpg.rf.a33ae2e98853656c793cbc2ed5aa7815.jpg, 0, 0, 1, 0
cargo--101-_jpg.rf.a203494e30116524538a5fbb968b4d45.jpg, 1, 0, 0, 0
cruise--5-_jpg.rf.a4d67b985dffcdfec960ec7670c0379d.jpg, 0, 0, 1, 0
cruise--153-_jpg.rf.a2ae4704ea1ef6e4cf6754793fdc783f.jpg, 0, 0, 1, 0
cruise--251-_jpg.rf.a4d603ac048dc11184daadff0b71c5b3.jpg, 0, 0, 1, 1
cargo--268-_jpg.rf.a4b4d7a4accef196a5d173d2f0a9a699.jpg, 1, 0, 0, 1
cruise--111-_jpg.rf.a4d85a58e4e1404dfda854b05b0ff625.jpg, 0, 0, 1, 0
cruise--267-_jpg.rf.a5be005095155a93a533877004b91dbd.jpg, 0, 0, 1, 1
carrier--199-_jpg.rf.a55fdc651fa42ea6e751834a9961cd07.jpg, 0, 1, 0, 0
carrier--27-_jpg.rf.a447f4b3b7ed1b4393a9b3d97c540e6a.jpg, 0, 1, 0, 0
carrier--194-_jpg.rf.a5d22d4e7e5008265f0b74479233042e.jpg, 0, 1, 0, 0
carrier--54-_jpg.rf.a667a0b88f86fcfe3836f3862fe4ab55.jpg, 0, 1, 0, 0
cruise--57-_jpg.rf.a66a8edba2125d3c86a4beacea69a841.jpg, 0, 0, 1, 0
carrier--247-_jpg.rf.a6a917c95d95d99cc214f28227c3b43a.jpg, 0, 1, 0, 0
cruise--33-_jpg.rf.a72a4e60133f170f3e9041d04674c5ed.jpg, 0, 0, 1, 0
carrier--256-_jpg.rf.a78b879f39369206ff371033c9a2e56b.jpg, 0, 1, 0, 0
carrier--250-_jpg.rf.a8b7a719f70f6d5740adad07ef312e60.jpg, 0, 1, 0, 0
cargo--299-_jpg.rf.a83700f29d50dcd20b092940931dd8b4.jpg, 1, 0, 0, 0
cruise--42-_jpg.rf.a77b086e408c35592d233db8ab6b877a.jpg, 0, 0, 1, 1
cruise--138-_jpg.rf.a9a988eb6cec8a91b2fabfe42f265deb.jpg, 0, 0, 1, 1
cargo--208-_jpg.rf.a9d0561f87488e8f53879d1dbde09758.jpg, 1, 0, 0, 1
cargo--188-_jpg.rf.a8f7b1204cbdc398d1e4f3cda49a094b.jpg, 1, 0, 0, 1
carrier--201-_jpg.rf.ac7f1091e82e3928d6d11de8251b4056.jpg, 0, 1, 0, 0
cruise--27-_jpg.rf.a7ad1654d56343f7cbd4f6e1b7c5823a.jpg, 0, 0, 1, 0
cruise--166-_jpg.rf.a83d5a30ed8f85e93cebd03804423235.jpg, 0, 0, 1, 1
carrier--185-_jpg.rf.9d5766ce97c9562a11490f2a5ffd52ec.jpg, 0, 1, 0, 0
cargo--235-_jpg.rf.ab1468b364c1c9decac4e804b59ccca9.jpg, 1, 0, 0, 0
cruise--205-_jpg.rf.a9bab0b31e6f64e0aba636d5492cf868.jpg, 0, 0, 1, 0
cargo--291-_jpg.rf.a9a6dad5231aaab04287092510a44ec7.jpg, 1, 0, 0, 0
cargo--81-_jpg.rf.a9cfae39b4db7b9dbd22097152fbdd75.jpg, 1, 0, 0, 0
cruise--214-_jpg.rf.a74c27b2d1b199f2fcfcd38e960ae07f.jpg, 0, 0, 1, 0
carrier--124-_jpg.rf.ab810142804aa23c108a57e4f0d73dbb.jpg, 0, 1, 0, 1
carrier--39-_jpg.rf.abfae6cd361ec7a5f245845bb5278327.jpg, 0, 1, 0, 0
cruise--193-_jpg.rf.ab0d56a0837110dcf887f17bfa9532e8.jpg, 0, 0, 1, 0
carrier--65-_jpg.rf.acb3f080a24581d011028feec8f422c4.jpg, 0, 1, 0, 0
cargo--77-_jpg.rf.a81ba167bcba9af16274c9bf2a72bd11.jpg, 1, 0, 0, 0
cruise--269-_jpg.rf.acc74cb22eb7ace93228235aeabd4cba.jpg, 0, 0, 1, 1
cargo--90-_jpg.rf.abc185cff57afa0687e9c2d68b215476.jpg, 1, 0, 0, 0
carrier--125-_jpg.rf.acb999ff691f8b51378c563436049897.jpg, 0, 1, 0, 1
carrier--232-_jpg.rf.ad869bad54cb7b679dab919340afbedc.jpg, 0, 1, 0, 0
carrier--29-_jpg.rf.ad05343ed10788b743f0da86644c4b3b.jpg, 0, 1, 0, 0
cruise--125-_jpg.rf.ae0a7918a3e1c5dab49e2f74bf1f8eaa.jpg, 0, 0, 1, 1
cruise--297-_jpg.rf.ad4cab5a4ac0ad692fc3ca7a306f1dd3.jpg, 0, 0, 1, 0
cruise--220-_jpg.rf.af5789a66cce9e7ba5a971e9bf95479f.jpg, 0, 0, 1, 0
cruise--219-_jpg.rf.ae75cf444183fead708a3ca000af920b.jpg, 0, 0, 1, 1
cruise--48-_jpg.rf.b229ad89dcca601349474cace80fc4bf.jpg, 0, 0, 1, 1
cruise--15-_jpg.rf.a97b0e554a9380c0dbb403881d4a1c3b.jpg, 0, 0, 1, 0
cruise--224-_jpg.rf.b1835c4e84226a5d80a7cdb92e44da33.jpg, 0, 0, 1, 1
carrier--111-_jpg.rf.ae0555739a1b6fdd543dfdbf9f3ccff2.jpg, 0, 1, 0, 0
cargo--51-_jpg.rf.ad52ad79a621c982f3d7104ace281b57.jpg, 1, 0, 0, 1
cruise--157-_jpg.rf.b118b51a2f578a1df127a02d3b4415a5.jpg, 0, 0, 1, 1
carrier--246-_jpg.rf.b0ec667e83cdd6e6457fe74caebe1736.jpg, 0, 1, 0, 0
cargo--119-_jpg.rf.b2641ff0d6e0bf24219aa3ac3358d3ba.jpg, 1, 0, 0, 0
carrier--8-_jpg.rf.aeaa1032af9f7db97cf8a6ec861c107f.jpg, 0, 1, 0, 0
cargo--172-_jpg.rf.b32a4ac8b1ff28b55ef54cb60d27c6a4.jpg, 1, 0, 0, 0
cargo--213-_jpg.rf.b1e3f51dd4c658edbd799ab1ff7ab408.jpg, 1, 0, 0, 0
cruise--115-_jpg.rf.b32ee39b94ed53bf1e52be15b1a79985.jpg, 0, 0, 1, 1
cruise--256-_jpg.rf.b284146c1b03f87af2c29324ad4dab3f.jpg, 0, 0, 1, 0
carrier--258-_jpg.rf.b123d1a48f37763e88dc891186989805.jpg, 0, 1, 0, 0
cargo--175-_jpg.rf.b379903444e8f490681e7f72c3adf42a.jpg, 1, 0, 0, 0
carrier--18-_jpg.rf.b116deb7662ca52dcf3cef459d74e9da.jpg, 0, 1, 0, 0
cruise--60-_jpg.rf.b32ccbf3acb8856f955bf22bbf89fb27.jpg, 0, 0, 1, 0
cargo--280-_jpg.rf.b1aa7700732fed156b7670e6dc476b50.jpg, 1, 0, 0, 0
cargo--207-_jpg.rf.b4f7df898cd9b0ae60da9697b66d47a1.jpg, 1, 0, 0, 0
cruise--284-_jpg.rf.b34f3bb788ee498251f0ca2b4447dc83.jpg, 0, 0, 1, 1
cargo--212-_jpg.rf.b2d8d2dadadb3e302aae92ac62fe8b5e.jpg, 1, 0, 0, 0
cargo--102-_jpg.rf.b396cf3ab9033ddd82b4ed98d922b0de.jpg, 1, 0, 0, 0
cruise--198-_jpg.rf.b2f562ebf1bc227dd17fd206ccb05320.jpg, 0, 0, 1, 1
cargo--76-_jpg.rf.b3b19897c21a8835b3344ce1d571bb5a.jpg, 1, 0, 0, 0
cruise--242-_jpg.rf.b774fbc43fc2f4cda6fa39c448108b73.jpg, 0, 0, 1, 0
cargo--187-_jpg.rf.b62ec8956622c16c1bebf8b1c491c9b5.jpg, 1, 0, 0, 0
cargo--225-_jpg.rf.b56daa0c99150c7d7048d03657cec8ed.jpg, 1, 0, 0, 0
carrier--76-_jpg.rf.b904d0c656cdf1b61facb9b3a1293a7a.jpg, 0, 1, 0, 0
cargo--85-_jpg.rf.b3e50a6983f3fbb5fc7f736270867e6b.jpg, 1, 0, 0, 0
carrier--230-_jpg.rf.b64470250bc19af1056f13f1027efd48.jpg, 0, 1, 0, 0
cargo--191-_jpg.rf.b6e1c02df79205a2d4827daef0b8c81f.jpg, 1, 0, 0, 1
cruise--49-_jpg.rf.b5ebebb1f0e22ab9be94a2f37dfd3d39.jpg, 0, 0, 1, 0
cargo--15-_jpg.rf.b64976acba1063f658e6c1b2adac2baf.jpg, 1, 0, 0, 0
carrier--223-_jpg.rf.b70a9bbe81980e94696cbbbeed4a573b.jpg, 0, 1, 0, 1
cruise--146-_jpg.rf.b8944427d5026d76a1635d816290c3db.jpg, 0, 0, 1, 0
cargo--152-_jpg.rf.b6d2d966c7e44bb3ad9a8e08f6a66191.jpg, 1, 0, 0, 0
carrier--101-_jpg.rf.b8520e542b345a260d10b0c96d2a8b57.jpg, 0, 1, 0, 0
carrier--263-_jpg.rf.b2ab59efebb443b2fdd76e4133cb8f9d.jpg, 0, 1, 0, 1
cargo--33-_jpg.rf.b8881e87e2c188636da118ac97f1a870.jpg, 1, 0, 0, 0
cargo--274-_jpg.rf.b92d00aaa771f1227c7fdcfce40cd3f8.jpg, 1, 0, 0, 0
carrier--162-_jpg.rf.b883f3de0a106dc1268163b806b604ee.jpg, 0, 1, 0, 1
cargo--41-_jpg.rf.bb030dcd8a96eeef565c7617a02a5f2c.jpg, 1, 0, 0, 0
cruise--22-_jpg.rf.b5284cef5c6d99fb1b6af8151b6b8c84.jpg, 0, 0, 1, 0
carrier--52-_jpg.rf.b9684633965c4d88b0884a8022245b7a.jpg, 0, 1, 0, 0
cruise--239-_jpg.rf.ba4172df4ffd8abb505f15af45705ed7.jpg, 0, 0, 1, 1
carrier--276-_jpg.rf.baca5aa32338a37ef48e42753d7d6b40.jpg, 0, 1, 0, 0
cargo--105-_jpg.rf.bc93b4aa782fdd454bd4534f5ce33bb2.jpg, 1, 0, 0, 1
cargo--23-_jpg.rf.b77bcd13d099abec34ba2e3760d25735.jpg, 1, 0, 0, 0
cargo--287-_jpg.rf.b95657d291d28980d82d19224870ecad.jpg, 1, 0, 0, 0
carrier--171-_jpg.rf.b92ec676d9f5903df43dccc603d0ec49.jpg, 0, 1, 0, 1
cruise--102-_jpg.rf.bf6d728e3bb06a34314f3607e2f655fd.jpg, 0, 0, 1, 0
cargo--24-_jpg.rf.bcdaa844a440e87c57614f7f87795f9d.jpg, 1, 0, 0, 0
cargo--189-_jpg.rf.bbb6fe11264943a3f7aa4e75bd42e3a1.jpg, 1, 0, 0, 1
cargo--276-_jpg.rf.bdfac7ad806b3eb6f7f26c9f5646e13e.jpg, 1, 0, 0, 0
cruise--171-_jpg.rf.be7bd816aa384baa5c0562bee6107388.jpg, 0, 0, 1, 1
cargo--277-_jpg.rf.bba3e3f5197bf9965abc1270e20dd89d.jpg, 1, 0, 0, 0
carrier--100-_jpg.rf.bfa1eff2b862207f36556d267c45c895.jpg, 0, 1, 0, 1
cargo--34-_jpg.rf.bd7d1efb2a6224a8c871ced9d4318f4e.jpg, 1, 0, 0, 0
cruise--178-_jpg.rf.bd29a7fa9ab7197ecdb135ebe93c28fa.jpg, 0, 0, 1, 0
carrier--209-_jpg.rf.c01205623f68c034957f5ab35341f391.jpg, 0, 1, 0, 0
cargo--218-_jpg.rf.be10adbf9ddb8ba4ccf230ab2351f95c.jpg, 1, 0, 0, 0
cargo--293-_jpg.rf.bfa5501c075970c772142d3ac1f2db19.jpg, 1, 0, 0, 0
cruise--6-_jpg.rf.c07b2a131dd46876acdfce88192f71ea.jpg, 0, 0, 1, 0
carrier--184-_jpg.rf.c0f84e1cf915a6cf76c288c26bb2a651.jpg, 0, 1, 0, 0
cargo--184-_jpg.rf.c0fa3f68536637fd0450720a569a8360.jpg, 1, 0, 0, 0
carrier--90-_jpg.rf.c118898c849bcd1c3875942428b1571b.jpg, 0, 1, 0, 0
carrier--287-_jpg.rf.be7ee1171065dba74cd8bd23d78c04db.jpg, 0, 1, 0, 0
cargo--140-_jpg.rf.c27adc9abab3b3e6f6f7ce4d267c2028.jpg, 1, 0, 0, 0
cargo--131-_jpg.rf.c30d884a02f8b9a328a84ff57d620185.jpg, 1, 0, 0, 0
cargo--4-_jpg.rf.c1d2f66d9194eab9b2e9c557138a2d84.jpg, 1, 0, 0, 0
cruise--76-_jpg.rf.c4e40e664fdfec924e0db2b1862e9bc8.jpg, 0, 0, 1, 0
cruise--91-_jpg.rf.c194d96bfb0aa01350ab35cb4baf2323.jpg, 0, 0, 1, 0
cargo--228-_jpg.rf.c4c55817078403833ccab818dfb77763.jpg, 1, 0, 0, 0
cargo--232-_jpg.rf.c43b55efaffdd31000253a6cbd7cb2bb.jpg, 1, 0, 0, 0
cargo--244-_jpg.rf.c2f4ec31f650ba6820015329189a3d77.jpg, 1, 0, 0, 0
cruise--151-_jpg.rf.c603a5ba28581e913ecd2c2bb1e2d640.jpg, 0, 0, 1, 1
cargo--298-_jpg.rf.bf7b99d66b500ad62bbc923064dd361b.jpg, 1, 0, 0, 0
carrier--271-_jpg.rf.c1c9992392c17d094a42ee3ef9b577ac.jpg, 0, 1, 0, 0
cargo--95-_jpg.rf.c2afba2b74736d1d8433c8f8bc6e39c2.jpg, 1, 0, 0, 0
cargo--56-_jpg.rf.bdb991b7b539f046afa042f991027d18.jpg, 1, 0, 0, 0
carrier--146-_jpg.rf.c16f07c248ae1db75375dc37f3d0605a.jpg, 0, 1, 0, 1
cargo--205-_jpg.rf.c788fea840cf474e56c53d9e7676cb04.jpg, 1, 0, 0, 0
cruise--100-_jpg.rf.c6f16abaa4f0634cfb0fd61e06061d82.jpg, 0, 0, 1, 0
cruise--282-_jpg.rf.c5667290c42189ae22ecb0a91b9607a7.jpg, 0, 0, 1, 0
cruise--90-_jpg.rf.c7f75f77e48529315fdd7b9e24a17fa9.jpg, 0, 0, 1, 0
carrier--15-_jpg.rf.c6cd96d09b2de2e79ae7ca26d240e6c3.jpg, 0, 1, 0, 0
cargo--281-_jpg.rf.c50723ba30b11cc32c99f8bca00b5d4c.jpg, 1, 0, 0, 0
carrier--44-_jpg.rf.c77f468874e6ed0c075b1af9257ed1fa.jpg, 0, 1, 0, 0
cargo--279-_jpg.rf.c7ab0d395270b55416f3b7d49417d4fc.jpg, 1, 0, 0, 0
carrier--46-_jpg.rf.c7694fbe0414eb7b287fe69c8de288ca.jpg, 0, 1, 0, 0
cargo--155-_jpg.rf.c7ca9c1460466a9c071d4c65c141bffa.jpg, 1, 0, 0, 0
carrier--249-_jpg.rf.c9456f71dbdaa0ea9950bf2b3606d5c3.jpg, 0, 1, 0, 0
carrier--133-_jpg.rf.c81c7494a6f49eda733307bf659bb0a6.jpg, 0, 1, 0, 0
carrier--224-_jpg.rf.c871ab24e80faad2c1df03c76e904859.jpg, 0, 1, 0, 0
cruise--74-_jpg.rf.c801e92f0d41f4f4c096b50572bc5db2.jpg, 0, 0, 1, 1
carrier--248-_jpg.rf.c98a70f0aee4fc6e45714a74769e6598.jpg, 0, 1, 0, 0
cruise--273-_jpg.rf.c78ec81b91d2288c91de69cde3725234.jpg, 0, 0, 1, 1
cargo--128-_jpg.rf.c9df3acf479660c48d6c8b5eb3609cf1.jpg, 1, 0, 0, 0
cargo--93-_jpg.rf.cc2b56f8c6450fdfd48f5172dbe1d125.jpg, 1, 0, 0, 0
carrier--14-_jpg.rf.c86d014e606aed259e9767b45049aa9d.jpg, 0, 1, 0, 0
cargo--162-_jpg.rf.caf0077fca749a5adc64da6ee769f10b.jpg, 1, 0, 0, 0
cargo--219-_jpg.rf.cacd92e318fa885f54769e61db9c0a24.jpg, 1, 0, 0, 0
carrier--206-_jpg.rf.ce9baf0ef1cc520cba16afd1f219cf9c.jpg, 0, 1, 0, 0
cargo--270-_jpg.rf.cd377fa6c39923d1dac29eb4b4d24e17.jpg, 1, 0, 0, 0
cargo--32-_jpg.rf.ca1b839d2dc023de9ab304c6c0cad042.jpg, 1, 0, 0, 0
cruise--208-_jpg.rf.d0868520c05061c922ac755586625e48.jpg, 0, 0, 1, 0
carrier--208-_jpg.rf.d0323a753fbc947cf3ed380a4db65955.jpg, 0, 1, 0, 1
carrier--130-_jpg.rf.ceb437069d019f7d807ce94116f923c5.jpg, 0, 1, 0, 0
cargo--195-_jpg.rf.d060991e3a9189fd2c5912bff96ff3cc.jpg, 1, 0, 0, 0
carrier--239-_jpg.rf.ce1bf37352ed41dafa38bf15000bfb6f.jpg, 0, 1, 0, 0
cargo--137-_jpg.rf.cf91b1235b6387d756cf2e7b97bff40c.jpg, 1, 0, 0, 0
cargo--68-_jpg.rf.cff0061579d878b1cd7ceccbe7937392.jpg, 1, 0, 0, 0
cruise--77-_jpg.rf.cff5e1d10c32157a46160db8d6792e24.jpg, 0, 0, 1, 1
cargo--192-_jpg.rf.d1661ff11dd723f9c0f0f463f78fa7b3.jpg, 1, 0, 0, 0
cruise--286-_jpg.rf.d1037da869fe0ebe7fd3f2e31d265ad5.jpg, 0, 0, 1, 0
cargo--97-_jpg.rf.ca6392994ac82de5494ab9edede0ce61.jpg, 1, 0, 0, 0
cruise--89-_jpg.rf.d1cea9070818498fc574a49ee854e563.jpg, 0, 0, 1, 0
cargo--223-_jpg.rf.d2805d91b3e3f053309b12a6a858ebd4.jpg, 1, 0, 0, 0
cruise--240-_jpg.rf.d1a522b85c20749552fbba99c13317ee.jpg, 0, 0, 1, 0
cruise--12-_jpg.rf.cf92b7cfc5f20ec75ac905b602a7616d.jpg, 0, 0, 1, 0
cruise--266-_jpg.rf.d37453d4c083af79c3f9a2f96e363719.jpg, 0, 0, 1, 0
cruise--188-_jpg.rf.d1d17e3d1c5cb68ce76109c4a7e63d55.jpg, 0, 0, 1, 1
carrier--115-_jpg.rf.ccdbebeb9896ad2b35cdd0ac7346077e.jpg, 0, 1, 0, 1
carrier--242-_jpg.rf.d1fe2a648b04b5b3a6a852c5085470dd.jpg, 0, 1, 0, 0
carrier--196-_jpg.rf.d273e0324903318f6d7d32f0ad923fea.jpg, 0, 1, 0, 1
cruise--129-_jpg.rf.d31315957cf90484014f6a099455e523.jpg, 0, 0, 1, 0
cruise--293-_jpg.rf.d250dd872d438971d357ac9fd00acd48.jpg, 0, 0, 1, 0
cruise--36-_jpg.rf.d1a95c8e464f805a08e523cb97394f1b.jpg, 0, 0, 1, 0
cruise--132-_jpg.rf.d0acc411036922fa10f0dceb2a5f9a4b.jpg, 0, 0, 1, 1
cruise--222-_jpg.rf.d30259ae0d30dd7fe0d0b23dab9db773.jpg, 0, 0, 1, 1
cargo--69-_jpg.rf.d42ce9575c66f316185b29d977104a38.jpg, 1, 0, 0, 0
carrier--155-_jpg.rf.d1cdf841d309cfa0af37d826cb7b3aab.jpg, 0, 1, 0, 0
carrier--207-_jpg.rf.d3f15d74b6ec854a1b3354c32e455b3c.jpg, 0, 1, 0, 0
cargo--239-_jpg.rf.d5f08790f1d2f6b1525556eb95dcbb5b.jpg, 1, 0, 0, 1
carrier--2-_jpg.rf.d46fc628afe25b4d25ec30a07ade43fa.jpg, 0, 1, 0, 0
cruise--229-_jpg.rf.d41919136a17f335a35f54587ec0ea65.jpg, 0, 0, 1, 1
cruise--184-_jpg.rf.d34bfe4daad31d83b56f0197507325f5.jpg, 0, 0, 1, 0
carrier--12-_jpg.rf.d501ad400b9afeac52dd9958157db478.jpg, 0, 1, 0, 0
cruise--264-_jpg.rf.d74dc0fea3389049873a8ecda2419e07.jpg, 0, 0, 1, 0
carrier--43-_jpg.rf.d6232eef63d64a8e4cbfa0c6edcf2930.jpg, 0, 1, 0, 0
cargo--166-_jpg.rf.d45232267829e592519716b8e7317df2.jpg, 1, 0, 0, 0
cruise--233-_jpg.rf.d621e98e5ba9e97ebcb3d748d72483a6.jpg, 0, 0, 1, 0
cruise--122-_jpg.rf.d4218ec231e26b9bad6b4add02c76566.jpg, 0, 0, 1, 1
cargo--50-_jpg.rf.d6741c525018ea9e407cd11bb38e71f6.jpg, 1, 0, 0, 0
cruise--51-_jpg.rf.d1d8e9282b6a60d37540a3384c119fcb.jpg, 0, 0, 1, 0
cruise--109-_jpg.rf.d74d79e6eac3684914c9882d4a252cd7.jpg, 0, 0, 1, 0
cruise--172-_jpg.rf.d65805430980882e7c649f0c2ea91ecb.jpg, 0, 0, 1, 0
cruise--67-_jpg.rf.d5a182d95d714f530362b5a04e125a43.jpg, 0, 0, 1, 1
carrier--79-_jpg.rf.d5f105988f18035d1df47cde6eb486f9.jpg, 0, 1, 0, 0
cruise--252-_jpg.rf.d5804e0e7c2e331588a6cd9b6d71f616.jpg, 0, 0, 1, 0